Variable Name;.;.;.;Gross domestic product | individuals | Average | Adults | constant 2015 local currency;Gross domestic product | individuals | Average | All Ages | constant 2015 local currency;Population | male | Population | All Ages | population;Gross domestic product | individuals | Total | All Ages | constant 2015 local currency;Population | female | Population | 0 to 4 | population;Population | individuals | Population | 0 to 4 | population;Population | male | Population | 0 to 4 | population;Population | female | Population | 5 to 9 | population;Population | individuals | Population | 5 to 9 | population;Population | male | Population | 5 to 9 | population;Population | female | Population | 10 to 14 | population;Population | individuals | Population | 10 to 14 | population;Population | male | Population | 10 to 14 | population;Population | female | Population | 100+ | population;Population | individuals | Population | 100+ | population;Population | male | Population | 100+ | population;Population | female | Population | 15 to 19 | population;Population | individuals | Population | 15 to 19 | population;Population | male | Population | 15 to 19 | population;Population | female | Population | 20 to 24 | population;Population | individuals | Population | 20 to 24 | population;Population | male | Population | 20 to 24 | population;Population | female | Population | 20 to 29 | population;Population | individuals | Population | 20 to 29 | population;Population | male | Population | 20 to 29 | population;Population | female | Population | 25 to 29 | population;Population | individuals | Population | 25 to 29 | population;Population | male | Population | 25 to 29 | population;Population | female | Population | 30 to 34 | population;Population | individuals | Population | 30 to 34 | population;Population | male | Population | 30 to 34 | population;Population | female | Population | 30 to 39 | population;Population | individuals | Population | 30 to 39 | population;Population | male | Population | 30 to 39 | population;Population | female | Population | 35 to 39 | population;Population | individuals | Population | 35 to 39 | population;Population | male | Population | 35 to 39 | population;Population | female | Population | 40 to 44 | population;Population | individuals | Population | 40 to 44 | population;Population | male | Population | 40 to 44 | population;Population | female | Population | 40 to 49  | population;Population | individuals | Population | 40 to 49  | population;Population | male | Population | 40 to 49  | population;Population | female | Population | 45 to 49 | population;Population | individuals | Population | 45 to 49 | population;Population | male | Population | 45 to 49 | population;Population | female | Population | 50 to 54 | population;Population | individuals | Population | 50 to 54 | population;Population | male | Population | 50 to 54 | population;Population | female | Population | 50 to 59 | population;Population | individuals | Population | 50 to 59 | population;Population | male | Population | 50 to 59 | population;Population | female | Population | 55 to 59 | population;Population | individuals | Population | 55 to 59 | population;Population | male | Population | 55 to 59 | population;Population | female | Population | 60 to 64 | population;Population | individuals | Population | 60 to 64 | population;Population | male | Population | 60 to 64 | population;Population | female | Population | 60 to 69 | population;Population | individuals | Population | 60 to 69 | population;Population | male | Population | 60 to 69 | population;Population | female | Population | 65 to 69 | population;Population | individuals | Population | 65 to 69 | population;Population | male | Population | 65 to 69 | population;Population | female | Population | 70 to 74 | population;Population | individuals | Population | 70 to 74 | population;Population | male | Population | 70 to 74 | population;Population | female | Population | 70 to 79 | population;Population | individuals | Population | 70 to 79 | population;Population | male | Population | 70 to 79 | population;Population | female | Population | 75 to 79 | population;Population | individuals | Population | 75 to 79 | population;Population | male | Population | 75 to 79 | population;Population | female | Population | 80 to 84 | population;Population | individuals | Population | 80 to 84 | population;Population | male | Population | 80 to 84 | population;Population | female | Population | 80 to 89 | population;Population | individuals | Population | 80 to 89 | population;Population | male | Population | 80 to 89 | population;Population | female | Population | 85 to 89 | population;Population | individuals | Population | 85 to 89 | population;Population | male | Population | 85 to 89 | population;Population | female | Population | 90 to 94 | population;Population | individuals | Population | 90 to 94 | population;Population | male | Population | 90 to 94 | population;Population | female | Population | 90 to 99 | population;Population | individuals | Population | 90 to 99 | population;Population | male | Population | 90 to 99 | population;Population | female | Population | 95 to 99 | population;Population | individuals | Population | 95 to 99 | population;Population | male | Population | 95 to 99 | population;Population | female | Population | Children | population;Population | individuals | Population | Children | population;Population | male | Population | Children | population;Population | female | Population | Adults | population;Population | individuals | Population | Adults | population;Population | male | Population | Adults | population;Population | female | Population | 20 to 39 | population;Population | individuals | Population | 20 to 39 | population;Population | male | Population | 20 to 39 | population;Population | female | Population | 40 to 59 | population;Population | individuals | Population | 40 to 59 | population;Population | male | Population | 40 to 59 | population;Population | female | Population | Over 60 | population;Population | individuals | Population | Over 60 | population;Population | male | Population | Over 60 | population;Population | female | Population | 20 to 64 | population;Population | individuals | Population | 20 to 64 | population;Population | male | Population | 20 to 64 | population;Population | female | Population | Over 65 | population;Population | individuals | Population | Over 65 | population;Population | male | Population | Over 65 | population;Population | female | Population | Over 80 | population;Population | individuals | Population | Over 80 | population;Population | male | Population | Over 80 | population;Population | female | Population | All Ages | population;Population | individuals | Population | All Ages | population;National income price index | individuals | Indices | All Ages | population;Market exchange rate, LCU per EUR | individuals | Exchange rates | All Ages | local currency per foreign currency;Market exchange rate, LCU per USD | individuals | Exchange rates | All Ages | local currency per foreign currency;Market exchange rate, LCU per CNY | individuals | Exchange rates | All Ages | local currency per foreign currency
Variable Category;.;.;.;Average & total income;Average & total income;Other macro;Average & total income;Other macro;Other macro;Other macro;Other macro;Other macro;Other macro;Other macro;Other macro;Other macro;Other macro;Other macro;Other macro;Other macro;Other macro;Other macro;Other macro;Other macro;Other macro;Other macro;Other macro;Other macro;Other macro;Other macro;Other macro;Other macro;Other macro;Other macro;Other macro;Other macro;Other macro;Other macro;Other macro;Other macro;Other macro;Other macro;Other macro;Other macro;Other macro;Other macro;Other macro;Other macro;Other macro;Other macro;Other macro;Other macro;Other macro;Other macro;Other macro;Other macro;Other macro;Other macro;Other macro;Other macro;Other macro;Other macro;Other macro;Other macro;Other macro;Other macro;Other macro;Other macro;Other macro;Other macro;Other macro;Other macro;Other macro;Other macro;Other macro;Other macro;Other macro;Other macro;Other macro;Other macro;Other macro;Other macro;Other macro;Other macro;Other macro;Other macro;Other macro;Other macro;Other macro;Other macro;Other macro;Other macro;Other macro;Other macro;Other macro;Other macro;Other macro;Other macro;Other macro;Other macro;Other macro;Other macro;Other macro;Other macro;Other macro;Other macro;Other macro;Other macro;Other macro;Other macro;Other macro;Other macro;Other macro;Other macro;Other macro;Other macro;Other macro;Other macro;Other macro;Other macro;Other macro;Other macro;Other macro;Other macro
Variable Description;.;.;.;Average Gross domestic product. Gross domestic product is the total value of goods and services produced by the national economy.The national economy - in the national accounts sense - includes all domestic sectors, i.e. all entities that are resident of a given country (in the sense of their economic activity), whether they belong to the private sector, the corporate sector, the governement sector. The population is comprised of individuals over age 20.;Average Gross domestic product. Gross domestic product is the total value of goods and services produced by the national economy.The national economy - in the national accounts sense - includes all domestic sectors, i.e. all entities that are resident of a given country (in the sense of their economic activity), whether they belong to the private sector, the corporate sector, the governement sector. The population is comprised of individuals of all ages.;Number of individuals in a group. The population is comprised of individuals of all ages. The population looked at is comprised of male individuals only.;Total Gross domestic product. Gross domestic product is the total value of goods and services produced by the national economy.The national economy - in the national accounts sense - includes all domestic sectors, i.e. all entities that are resident of a given country (in the sense of their economic activity), whether they belong to the private sector, the corporate sector, the governement sector. The population is comprised of individuals of all ages.;Number of individuals in a group. The population is comprised of individuals of in the 0 to 4 age group. The population looked at is comprised of female individuals only.;Number of individuals in a group. The population is comprised of individuals of in the 0 to 4 age group. The base unit is the individual (rather than the household). This is equivalent to assuming no sharing of resources within couples.;Number of individuals in a group. The population is comprised of individuals of in the 0 to 4 age group. The population looked at is comprised of male individuals only.;Number of individuals in a group. The population is comprised of individuals of in the 5 to 9 age group. The population looked at is comprised of female individuals only.;Number of individuals in a group. The population is comprised of individuals of in the 5 to 9 age group. The base unit is the individual (rather than the household). This is equivalent to assuming no sharing of resources within couples.;Number of individuals in a group. The population is comprised of individuals of in the 5 to 9 age group. The population looked at is comprised of male individuals only.;Number of individuals in a group. The population is comprised of individuals of in the 10 to 14 age group. The population looked at is comprised of female individuals only.;Number of individuals in a group. The population is comprised of individuals of in the 10 to 14 age group. The base unit is the individual (rather than the household). This is equivalent to assuming no sharing of resources within couples.;Number of individuals in a group. The population is comprised of individuals of in the 10 to 14 age group. The population looked at is comprised of male individuals only.;Number of individuals in a group. The population is comprised of individuals over age 99. The population looked at is comprised of female individuals only.;Number of individuals in a group. The population is comprised of individuals over age 99. The base unit is the individual (rather than the household). This is equivalent to assuming no sharing of resources within couples.;Number of individuals in a group. The population is comprised of individuals over age 99. The population looked at is comprised of male individuals only.;Number of individuals in a group. The population is comprised of individuals of in the 15 to 19 age group. The population looked at is comprised of female individuals only.;Number of individuals in a group. The population is comprised of individuals of in the 15 to 19 age group. The base unit is the individual (rather than the household). This is equivalent to assuming no sharing of resources within couples.;Number of individuals in a group. The population is comprised of individuals of in the 15 to 19 age group. The population looked at is comprised of male individuals only.;Number of individuals in a group. The population is comprised of individuals of in the 20 to 24 age group. The population looked at is comprised of female individuals only.;Number of individuals in a group. The population is comprised of individuals of in the 20 to 24 age group. The base unit is the individual (rather than the household). This is equivalent to assuming no sharing of resources within couples.;Number of individuals in a group. The population is comprised of individuals of in the 20 to 24 age group. The population looked at is comprised of male individuals only.;Number of individuals in a group. The population is comprised of individuals of in the 20 to 29 age group. The population looked at is comprised of female individuals only.;Number of individuals in a group. The population is comprised of individuals of in the 20 to 29 age group. The base unit is the individual (rather than the household). This is equivalent to assuming no sharing of resources within couples.;Number of individuals in a group. The population is comprised of individuals of in the 20 to 29 age group. The population looked at is comprised of male individuals only.;Number of individuals in a group. The population is comprised of individuals of in the 25 to 29 age group. The population looked at is comprised of female individuals only.;Number of individuals in a group. The population is comprised of individuals of in the 25 to 29 age group. The base unit is the individual (rather than the household). This is equivalent to assuming no sharing of resources within couples.;Number of individuals in a group. The population is comprised of individuals of in the 25 to 29 age group. The population looked at is comprised of male individuals only.;Number of individuals in a group. The population is comprised of individuals of in the 30 to 34 age group. The population looked at is comprised of female individuals only.;Number of individuals in a group. The population is comprised of individuals of in the 30 to 34 age group. The base unit is the individual (rather than the household). This is equivalent to assuming no sharing of resources within couples.;Number of individuals in a group. The population is comprised of individuals of in the 30 to 34 age group. The population looked at is comprised of male individuals only.;Number of individuals in a group. The population is comprised of individuals of in the 30 to 39 age group. The population looked at is comprised of female individuals only.;Number of individuals in a group. The population is comprised of individuals of in the 30 to 39 age group. The base unit is the individual (rather than the household). This is equivalent to assuming no sharing of resources within couples.;Number of individuals in a group. The population is comprised of individuals of in the 30 to 39 age group. The population looked at is comprised of male individuals only.;Number of individuals in a group. The population is comprised of individuals of in the 35 to 39 age group. The population looked at is comprised of female individuals only.;Number of individuals in a group. The population is comprised of individuals of in the 35 to 39 age group. The base unit is the individual (rather than the household). This is equivalent to assuming no sharing of resources within couples.;Number of individuals in a group. The population is comprised of individuals of in the 35 to 39 age group. The population looked at is comprised of male individuals only.;Number of individuals in a group. The population is comprised of individuals of in the 40 to 44 age group. The population looked at is comprised of female individuals only.;Number of individuals in a group. The population is comprised of individuals of in the 40 to 44 age group. The base unit is the individual (rather than the household). This is equivalent to assuming no sharing of resources within couples.;Number of individuals in a group. The population is comprised of individuals of in the 40 to 44 age group. The population looked at is comprised of male individuals only.;Number of individuals in a group. The population is comprised of individuals of in the 40 to 49  age group. The population looked at is comprised of female individuals only.;Number of individuals in a group. The population is comprised of individuals of in the 40 to 49  age group. The base unit is the individual (rather than the household). This is equivalent to assuming no sharing of resources within couples.;Number of individuals in a group. The population is comprised of individuals of in the 40 to 49  age group. The population looked at is comprised of male individuals only.;Number of individuals in a group. The population is comprised of individuals of in the 45 to 49 age group. The population looked at is comprised of female individuals only.;Number of individuals in a group. The population is comprised of individuals of in the 45 to 49 age group. The base unit is the individual (rather than the household). This is equivalent to assuming no sharing of resources within couples.;Number of individuals in a group. The population is comprised of individuals of in the 45 to 49 age group. The population looked at is comprised of male individuals only.;Number of individuals in a group. The population is comprised of individuals of in the 50 to 54 age group. The population looked at is comprised of female individuals only.;Number of individuals in a group. The population is comprised of individuals of in the 50 to 54 age group. The base unit is the individual (rather than the household). This is equivalent to assuming no sharing of resources within couples.;Number of individuals in a group. The population is comprised of individuals of in the 50 to 54 age group. The population looked at is comprised of male individuals only.;Number of individuals in a group. The population is comprised of individuals of in the 50 to 59 age group. The population looked at is comprised of female individuals only.;Number of individuals in a group. The population is comprised of individuals of in the 50 to 59 age group. The base unit is the individual (rather than the household). This is equivalent to assuming no sharing of resources within couples.;Number of individuals in a group. The population is comprised of individuals of in the 50 to 59 age group. The population looked at is comprised of male individuals only.;Number of individuals in a group. The population is comprised of individuals of in the 55 to 59 age group. The population looked at is comprised of female individuals only.;Number of individuals in a group. The population is comprised of individuals of in the 55 to 59 age group. The base unit is the individual (rather than the household). This is equivalent to assuming no sharing of resources within couples.;Number of individuals in a group. The population is comprised of individuals of in the 55 to 59 age group. The population looked at is comprised of male individuals only.;Number of individuals in a group. The population is comprised of individuals of in the 60 to 64 age group. The population looked at is comprised of female individuals only.;Number of individuals in a group. The population is comprised of individuals of in the 60 to 64 age group. The base unit is the individual (rather than the household). This is equivalent to assuming no sharing of resources within couples.;Number of individuals in a group. The population is comprised of individuals of in the 60 to 64 age group. The population looked at is comprised of male individuals only.;Number of individuals in a group. The population is comprised of individuals of in the 60 to 69 age group. The population looked at is comprised of female individuals only.;Number of individuals in a group. The population is comprised of individuals of in the 60 to 69 age group. The base unit is the individual (rather than the household). This is equivalent to assuming no sharing of resources within couples.;Number of individuals in a group. The population is comprised of individuals of in the 60 to 69 age group. The population looked at is comprised of male individuals only.;Number of individuals in a group. The population is comprised of individuals of in the 65 to 69 age group. The population looked at is comprised of female individuals only.;Number of individuals in a group. The population is comprised of individuals of in the 65 to 69 age group. The base unit is the individual (rather than the household). This is equivalent to assuming no sharing of resources within couples.;Number of individuals in a group. The population is comprised of individuals of in the 65 to 69 age group. The population looked at is comprised of male individuals only.;Number of individuals in a group. The population is comprised of individuals of in the 70 to 74 age group. The population looked at is comprised of female individuals only.;Number of individuals in a group. The population is comprised of individuals of in the 70 to 74 age group. The base unit is the individual (rather than the household). This is equivalent to assuming no sharing of resources within couples.;Number of individuals in a group. The population is comprised of individuals of in the 70 to 74 age group. The population looked at is comprised of male individuals only.;Number of individuals in a group. The population is comprised of individuals of in the 70 to 79 age group. The population looked at is comprised of female individuals only.;Number of individuals in a group. The population is comprised of individuals of in the 70 to 79 age group. The base unit is the individual (rather than the household). This is equivalent to assuming no sharing of resources within couples.;Number of individuals in a group. The population is comprised of individuals of in the 70 to 79 age group. The population looked at is comprised of male individuals only.;Number of individuals in a group. The population is comprised of individuals of in the 75 to 79 age group. The population looked at is comprised of female individuals only.;Number of individuals in a group. The population is comprised of individuals of in the 75 to 79 age group. The base unit is the individual (rather than the household). This is equivalent to assuming no sharing of resources within couples.;Number of individuals in a group. The population is comprised of individuals of in the 75 to 79 age group. The population looked at is comprised of male individuals only.;Number of individuals in a group. The population is comprised of individuals of in the 80 to 84 age group. The population looked at is comprised of female individuals only.;Number of individuals in a group. The population is comprised of individuals of in the 80 to 84 age group. The base unit is the individual (rather than the household). This is equivalent to assuming no sharing of resources within couples.;Number of individuals in a group. The population is comprised of individuals of in the 80 to 84 age group. The population looked at is comprised of male individuals only.;Number of individuals in a group. The population is comprised of individuals of in the 80 to 89 age group. The population looked at is comprised of female individuals only.;Number of individuals in a group. The population is comprised of individuals of in the 80 to 89 age group. The base unit is the individual (rather than the household). This is equivalent to assuming no sharing of resources within couples.;Number of individuals in a group. The population is comprised of individuals of in the 80 to 89 age group. The population looked at is comprised of male individuals only.;Number of individuals in a group. The population is comprised of individuals of in the 85 to 89 age group. The population looked at is comprised of female individuals only.;Number of individuals in a group. The population is comprised of individuals of in the 85 to 89 age group. The base unit is the individual (rather than the household). This is equivalent to assuming no sharing of resources within couples.;Number of individuals in a group. The population is comprised of individuals of in the 85 to 89 age group. The population looked at is comprised of male individuals only.;Number of individuals in a group. The population is comprised of individuals of in the 90 to 94 age group. The population looked at is comprised of female individuals only.;Number of individuals in a group. The population is comprised of individuals of in the 90 to 94 age group. The base unit is the individual (rather than the household). This is equivalent to assuming no sharing of resources within couples.;Number of individuals in a group. The population is comprised of individuals of in the 90 to 94 age group. The population looked at is comprised of male individuals only.;Number of individuals in a group. The population is comprised of individuals of in the 90 to 99 age group. The population looked at is comprised of female individuals only.;Number of individuals in a group. The population is comprised of individuals of in the 90 to 99 age group. The base unit is the individual (rather than the household). This is equivalent to assuming no sharing of resources within couples.;Number of individuals in a group. The population is comprised of individuals of in the 90 to 99 age group. The population looked at is comprised of male individuals only.;Number of individuals in a group. The population is comprised of individuals of in the 95 to 99 age group. The population looked at is comprised of female individuals only.;Number of individuals in a group. The population is comprised of individuals of in the 95 to 99 age group. The base unit is the individual (rather than the household). This is equivalent to assuming no sharing of resources within couples.;Number of individuals in a group. The population is comprised of individuals of in the 95 to 99 age group. The population looked at is comprised of male individuals only.;Number of individuals in a group. The population is comprised of individuals below age 20. The population looked at is comprised of female individuals only.;Number of individuals in a group. The population is comprised of individuals below age 20. The base unit is the individual (rather than the household). This is equivalent to assuming no sharing of resources within couples.;Number of individuals in a group. The population is comprised of individuals below age 20. The population looked at is comprised of male individuals only.;Number of individuals in a group. The population is comprised of individuals over age 20. The population looked at is comprised of female individuals only.;Number of individuals in a group. The population is comprised of individuals over age 20. The base unit is the individual (rather than the household). This is equivalent to assuming no sharing of resources within couples.;Number of individuals in a group. The population is comprised of individuals over age 20. The population looked at is comprised of male individuals only.;Number of individuals in a group. The population is comprised of individuals between ages 20 and 39. The population looked at is comprised of female individuals only.;Number of individuals in a group. The population is comprised of individuals between ages 20 and 39. The base unit is the individual (rather than the household). This is equivalent to assuming no sharing of resources within couples.;Number of individuals in a group. The population is comprised of individuals between ages 20 and 39. The population looked at is comprised of male individuals only.;Number of individuals in a group. The population is comprised of individuals between ages 40 and 59. The population looked at is comprised of female individuals only.;Number of individuals in a group. The population is comprised of individuals between ages 40 and 59. The base unit is the individual (rather than the household). This is equivalent to assuming no sharing of resources within couples.;Number of individuals in a group. The population is comprised of individuals between ages 40 and 59. The population looked at is comprised of male individuals only.;Number of individuals in a group. The population is comprised of individuals over age 60. The population looked at is comprised of female individuals only.;Number of individuals in a group. The population is comprised of individuals over age 60. The base unit is the individual (rather than the household). This is equivalent to assuming no sharing of resources within couples.;Number of individuals in a group. The population is comprised of individuals over age 60. The population looked at is comprised of male individuals only.;Number of individuals in a group. The population is comprised of individuals between ages 20 and 64. The population looked at is comprised of female individuals only.;Number of individuals in a group. The population is comprised of individuals between ages 20 and 64. The base unit is the individual (rather than the household). This is equivalent to assuming no sharing of resources within couples.;Number of individuals in a group. The population is comprised of individuals between ages 20 and 64. The population looked at is comprised of male individuals only.;Number of individuals in a group. The population is comprised of individuals over age 65. The population looked at is comprised of female individuals only.;Number of individuals in a group. The population is comprised of individuals over age 65. The base unit is the individual (rather than the household). This is equivalent to assuming no sharing of resources within couples.;Number of individuals in a group. The population is comprised of individuals over age 65. The population looked at is comprised of male individuals only.;Number of individuals in a group. The population is comprised of individuals over age 80. The population looked at is comprised of female individuals only.;Number of individuals in a group. The population is comprised of individuals over age 80. The base unit is the individual (rather than the household). This is equivalent to assuming no sharing of resources within couples.;Number of individuals in a group. The population is comprised of individuals over age 80. The population looked at is comprised of male individuals only.;Number of individuals in a group. The population is comprised of individuals of all ages. The population looked at is comprised of female individuals only.;Number of individuals in a group. The population is comprised of individuals of all ages. The base unit is the individual (rather than the household). This is equivalent to assuming no sharing of resources within couples.;Current national income adjusted by CPI, divided by national income of the base year adjusted by CPI. It measures the changes in the purchasing power of national income.;Official exchange rate of the local currency to EUR.;Official exchange rate of the local currency to USD.;Official exchange rate of the local currency to CNY.
Variable Decomposition;.;.;.;;;;;;;;;;;;;;;;;;;;;;;;;;;;;;;;;;;;;;;;;;;;;;;;;;;;;;;;;;;;;;;;;;;;;;;;;;;;;;;;;;;;;;;;;;;;;;;;;;;;;;;;;;;;;;;;;;;;;;;;;
Variable Unit;.;.;.;"KPW; North Korean won | local currency | market";"KPW; North Korean won | local currency | market";population;"KPW; North Korean won | local currency | market";population;population;population;population;population;population;population;population;population;population;population;population;population;population;population;population;population;population;population;population;population;population;population;population;population;population;population;population;population;population;population;population;population;population;population;population;population;population;population;population;population;population;population;population;population;population;population;population;population;population;population;population;population;population;population;population;population;population;population;population;population;population;population;population;population;population;population;population;population;population;population;population;population;population;population;population;population;population;population;population;population;population;population;population;population;population;population;population;population;population;population;population;population;population;population;population;population;population;population;population;population;population;population;population;population;population;population;population;population;population;population;population;population;;local currency per foreign currency;local currency per foreign currency;local currency per foreign currency
Methodological Notes;.;.;.;GDP level in 2016 from the UN SNA main tables. Until 1969, we use the GDP growth rates from Maddison (2007). Between 1970 and 2015, we use the GDP growth rates from the UN SNA main tables.  After 2016, we use the GDP growth rates from the value for the previous year.;GDP level in 2016 from the UN SNA main tables. Until 1969, we use the GDP growth rates from Maddison (2007). Between 1970 and 2015, we use the GDP growth rates from the UN SNA main tables.  After 2016, we use the GDP growth rates from the value for the previous year.;;GDP level in 2016 from the UN SNA main tables. Until 1969, we use the GDP growth rates from Maddison (2007). Between 1970 and 2015, we use the GDP growth rates from the UN SNA main tables.  After 2016, we use the GDP growth rates from the value for the previous year.;;;;;;;;;;;;;;;;;;;;;;;;;;;;;;;;;;;;;;;;;;;;;;;;;;;;;;;;;;;;;;;;;;;;;;;;;;;;;;;;;;;;;;;;;;;;;;;;;;;;;;;;;;;;;;;;;;From 1970 to 2016, we use the GDP deflator from the UN SNA. In 2017, we carry the last inflation value forward.;;;
Sources;.;.;.;"WID.world computations using:  http://unstats.un.org/unsd/snaama/Introduction.asp (United Nations National Accounts Main Aggregates Database);  http://www.ggdc.net/maddison/other_books/Contours_World_Economy.pdf (Maddison, Angus (2007). Contours of the World Economy 1-2030 AD.)";"WID.world computations using:  http://unstats.un.org/unsd/snaama/Introduction.asp (United Nations National Accounts Main Aggregates Database);  http://www.ggdc.net/maddison/other_books/Contours_World_Economy.pdf (Maddison, Angus (2007). Contours of the World Economy 1-2030 AD.)";;"WID.world computations using:  http://unstats.un.org/unsd/snaama/Introduction.asp (United Nations National Accounts Main Aggregates Database);  http://www.ggdc.net/maddison/other_books/Contours_World_Economy.pdf (Maddison, Angus (2007). Contours of the World Economy 1-2030 AD.)";;;;;;;;;;;;;;;;;;;;;;;;;;;;;;;;;;;;;;;;;;;;;;;;;;;;;;;;;;;;;;;;;;;;;;;;;;;;;;;;;;;;;;;;;;;;;;;;;;;;;;;;;;;;;;;;;;WID.world computations using:  http://unstats.un.org/unsd/snaama/Introduction.asp (United Nations National Accounts Main Aggregates Database);;;
Variable Code;country;year;perc;agdpro992i;agdpro999i;npopul999m;mgdpro999i;npopul001f;npopul001i;npopul001m;npopul051f;npopul051i;npopul051m;npopul101f;npopul101i;npopul101m;npopul111f;npopul111i;npopul111m;npopul151f;npopul151i;npopul151m;npopul201f;npopul201i;npopul201m;npopul202f;npopul202i;npopul202m;npopul251f;npopul251i;npopul251m;npopul301f;npopul301i;npopul301m;npopul302f;npopul302i;npopul302m;npopul351f;npopul351i;npopul351m;npopul401f;npopul401i;npopul401m;npopul402f;npopul402i;npopul402m;npopul451f;npopul451i;npopul451m;npopul501f;npopul501i;npopul501m;npopul502f;npopul502i;npopul502m;npopul551f;npopul551i;npopul551m;npopul601f;npopul601i;npopul601m;npopul602f;npopul602i;npopul602m;npopul651f;npopul651i;npopul651m;npopul701f;npopul701i;npopul701m;npopul702f;npopul702i;npopul702m;npopul751f;npopul751i;npopul751m;npopul801f;npopul801i;npopul801m;npopul802f;npopul802i;npopul802m;npopul851f;npopul851i;npopul851m;npopul901f;npopul901i;npopul901m;npopul902f;npopul902i;npopul902m;npopul951f;npopul951i;npopul951m;npopul991f;npopul991i;npopul991m;npopul992f;npopul992i;npopul992m;npopul993f;npopul993i;npopul993m;npopul994f;npopul994i;npopul994m;npopul995f;npopul995i;npopul995m;npopul996f;npopul996i;npopul996m;npopul997f;npopul997i;npopul997m;npopul998f;npopul998i;npopul998m;npopul999f;npopul999i;inyixx999i;xlceux999i;xlcusx999i;xlcyux999i
;KP;2017;p0p100;102067.851562;73307.7421875;12467897.0;1.86868498432e+12;846358.0;1733371.0;887017.0;830399.0;1698912.0;868517.0;892896.0;1823221.0;930331.0;177.0;192.0;15.0;941425.0;1927199.0;985778.0;976581.0;1995192.0;1018617.0;1920098.0;3915161.0;1995073.0;943517.0;1919969.0;976456.0;910805.0;1849453.0;938652.0;1697247.0;3442031.0;1744791.0;786442.0;1592578.0;806139.0;957473.0;1927220.0;969752.0;2097159.0;4205070.0;2107917.0;1139686.0;2277849.0;1138165.0;878214.0;1737529.0;859317.0;1688876.0;3309517.0;1620642.0;810662.0;1571988.0;761325.0;541149.0;1017160.0;476008.0;975617.0;1767771.0;792144.0;434468.0;750611.0;316136.0;474826.0;770111.0;295274.0;833132.0;1294768.0;461614.0;358306.0;524657.0;166340.0;199130.0;258991.0;59854.0;275370.0;346961.0;71582.0;76240.0;87970.0;11728.0;20933.0;23108.0;2177.0;24315.0;26792.0;2476.0;3382.0;3684.0;299.0;3511078.0;7182703.0;3671643.0;9511991.0;18308262.0;8796254.0;3617345.0;7357192.0;3739864.0;3786035.0;7514586.0;3728559.0;2108611.0;3436484.0;1327831.0;7944530.0;15888938.0;7944431.0;1567462.0;2419324.0;851823.0;299862.0;373945.0;74073.0;13023069.0;25490964.0;1.0;1014.09973145;900.0;133.153244019
;KP;2016;p0p100;99201.515625;70917.734375;12407156.0;1.79908509696e+12;843105.0;1726405.0;883302.0;836755.0;1711295.0;874544.0;909363.0;1856650.0;947291.0;159.0;172.0;13.0;946300.0;1938608.0;992311.0;982576.0;2005364.0;1022791.0;1912297.0;3897134.0;1984843.0;929721.0;1891770.0;962052.0;906470.0;1840646.0;934177.0;1674244.0;3394648.0;1720410.0;767774.0;1554002.0;786233.0;1033126.0;2078429.0;1045306.0;2158468.0;4325756.0;2167291.0;1125342.0;2247327.0;1121985.0;813846.0;1607492.0;793646.0;1645743.0;3221906.0;1576162.0;831897.0;1614414.0;782516.0;455391.0;848789.0;393395.0;937388.0;1686392.0;748998.0;481997.0;837603.0;355603.0;468621.0;757147.0;288520.0;819838.0;1267593.0;447740.0;351217.0;510446.0;159220.0;185121.0;236691.0;51567.0;256573.0;318825.0;62247.0;71452.0;82134.0;10680.0;18643.0;20427.0;1785.0;21230.0;23236.0;2004.0;2587.0;2809.0;219.0;3535523.0;7232958.0;3697448.0;9425940.0;18135662.0;8709708.0;3586541.0;7291782.0;3705253.0;3804211.0;7547662.0;3743453.0;2035188.0;3296218.0;1261002.0;7846143.0;15688232.0;7842101.0;1579797.0;2447429.0;867607.0;277962.0;342233.0;64264.0;12961463.0;25368620.0;1.0055336952;;;
;KP;2015;p0p100;96429.1953125;68613.65625;12344958.0;1.73207742054e+12;834960.0;1709648.0;874689.0;847899.0;1733333.0;885436.0;923156.0;1885239.0;962081.0;143.0;155.0;12.0;953397.0;1953530.0;1000135.0;982977.0;2004682.0;1021704.0;1903265.0;;1973860.0;920288.0;1872447.0;952156.0;891715.0;1810665.0;918950.0;1670753.0;;1715606.0;779038.0;1575695.0;796656.0;1089264.0;2190182.0;1100918.0;2183795.0;;2190690.0;1094531.0;2184304.0;1089772.0;778602.0;1535516.0;756914.0;1595394.0;;1527145.0;816792.0;1587023.0;770231.0;408418.0;753764.0;345347.0;923431.0;;728436.0;515013.0;898102.0;383089.0;465640.0;748902.0;283263.0;807911.0;;433115.0;342271.0;492122.0;149852.0;171781.0;214644.0;42863.0;237048.0;;52062.0;65267.0;74465.0;9199.0;15715.0;17237.0;1520.0;17806.0;;1691.0;2091.0;2262.0;171.0;3559412.0;7281750.0;3722341.0;9339546.0;17962168.0;8622617.0;3574018.0;7263489.0;3689466.0;3779189.0;7497025.0;3717835.0;1986339.0;3201653.0;1215316.0;7761625.0;15514278.0;7752648.0;1577921.0;2447889.0;869969.0;254997.0;308763.0;53765.0;12898958.0;25243916.0;1.0110980272;;;
;KP;2014;p0p100;98613.1796875;69759.34375;12281038.0;1.75210115891e+12;833003.0;1705666.0;872664.0;863892.0;1765163.0;901273.0;933500.0;1907629.0;974130.0;130.0;141.0;11.0;961979.0;1970491.0;1008515.0;977544.0;1992615.0;1015072.0;1892890.0;;1962065.0;915346.0;1862339.0;946993.0;867516.0;1761568.0;894053.0;1684969.0;;1728841.0;817453.0;1652241.0;834788.0;1127817.0;2266328.0;1138513.0;2172455.0;;2176791.0;1044638.0;2082915.0;1038278.0;770335.0;1516221.0;745886.0;1534870.0;;1464422.0;764535.0;1483071.0;718536.0;395480.0;721623.0;326143.0;929918.0;;724299.0;534438.0;932597.0;398156.0;458530.0;735698.0;277165.0;785337.0;;418454.0;326807.0;468099.0;141289.0;160861.0;199159.0;38296.0;223687.0;;47529.0;62826.0;72037.0;9233.0;16109.0;17929.0;1799.0;18698.0;;2044.0;2589.0;2833.0;245.0;3592374.0;7348949.0;3756582.0;9242954.0;17767414.0;8524456.0;3577859.0;7268763.0;3690906.0;3707325.0;7348535.0;3641213.0;1957770.0;3150116.0;1192337.0;7680664.0;15338921.0;7658262.0;1562290.0;2428493.0;866194.0;242515.0;292099.0;49584.0;12835328.0;25116364.0;0.9803894162;;;
;KP;2013;p0p100;98689.3671875;69399.3828125;12215426.0;1.73401125683e+12;829478.0;1698950.0;869473.0;882836.0;1802772.0;919935.0;940209.0;1923246.0;983036.0;120.0;129.0;9.0;972609.0;1990611.0;1018002.0;966194.0;1968943.0;1002750.0;1882998.0;;1951252.0;916804.0;1865306.0;948502.0;831003.0;1687358.0;856356.0;1715610.0;;1758567.0;884607.0;1786818.0;902211.0;1149866.0;2308881.0;1159016.0;2122294.0;;2123504.0;972428.0;1936915.0;964488.0;795808.0;1564340.0;768530.0;1470200.0;;1398450.0;674392.0;1304312.0;629920.0;421610.0;766280.0;344670.0;962348.0;;746949.0;540738.0;943021.0;402279.0;451918.0;722360.0;270439.0;761352.0;;400708.0;309434.0;439705.0;130269.0;152309.0;187103.0;34793.0;212379.0;;43529.0;60070.0;68798.0;8736.0;15578.0;17357.0;1768.0;18104.0;;2012.0;2526.0;2771.0;244.0;3625132.0;7415579.0;3790446.0;9145405.0;17570396.0;8424980.0;3598608.0;7308425.0;3709819.0;3592494.0;7114448.0;3521954.0;1954303.0;3147524.0;1193207.0;7612712.0;15189153.0;7576443.0;1532693.0;2381244.0;848537.0;230603.0;276158.0;45550.0;12770537.0;24985976.0;0.9449777603;;;
;KP;2012;p0p100;98754.09375;69027.9140625;12148880.0;1.71562211738e+12;828182.0;1696640.0;868457.0;900983.0;1839173.0;938189.0;945451.0;1935897.0;990445.0;111.0;119.0;8.0;982979.0;2009657.0;1026675.0;951733.0;1939285.0;987550.0;1871509.0;;1939214.0;919776.0;1871441.0;951664.0;794052.0;1612017.0;817966.0;1761445.0;;1803555.0;967393.0;1952981.0;985589.0;1154071.0;2315382.0;1161310.0;2046524.0;;2044073.0;892453.0;1775215.0;882763.0;835589.0;1641767.0;806178.0;1402869.0;;1330013.0;567280.0;1091116.0;523835.0;473127.0;862095.0;388969.0;1010055.0;;786633.0;536928.0;934589.0;397664.0;445550.0;708347.0;262798.0;736689.0;;379751.0;291139.0;408088.0;116953.0;145238.0;177391.0;32154.0;202018.0;;40117.0;56780.0;64740.0;7963.0;14238.0;15791.0;1548.0;16340.0;;1750.0;2102.0;2303.0;202.0;3657595.0;7481367.0;3823766.0;9047560.0;17372668.0;8325115.0;3632954.0;7375724.0;3742769.0;3449393.0;6823480.0;3374086.0;1965213.0;3173463.0;1208259.0;7555474.0;15061299.0;7505824.0;1492086.0;2311368.0;819290.0;218469.0;260344.0;41875.0;12705155.0;24854034.0;0.9296580553;;;
;KP;2011;p0p100;98609.4453125;68499.2734375;12082397.0;1.69345941504e+12;834888.0;1709633.0;874744.0;915777.0;1869563.0;953784.0;951304.0;1949172.0;997867.0;104.0;111.0;7.0;989237.0;2020530.0;1031292.0;938499.0;1912313.0;973814.0;1854447.0;;1921712.0;915948.0;1863846.0;947898.0;775504.0;1573728.0;798224.0;1819551.0;;1860915.0;1044047.0;2106741.0;1062691.0;1139907.0;2285153.0;1145245.0;1967428.0;;1961142.0;827521.0;1643418.0;815897.0;856633.0;1682993.0;826359.0;1335278.0;;1260850.0;478645.0;913135.0;434491.0;525053.0;960696.0;435644.0;1055471.0;;826170.0;530418.0;920940.0;390526.0;437803.0;691061.0;253263.0;711562.0;;355959.0;273759.0;376450.0;102696.0;138278.0;167692.0;29417.0;190779.0;;36536.0;52501.0;59619.0;7119.0;12503.0;13778.0;1274.0;14083.0;;1419.0;1580.0;1726.0;145.0;3691206.0;7548898.0;3857687.0;8948703.0;17173400.0;8224710.0;3673998.0;7456628.0;3782627.0;3302706.0;6524699.0;3221992.0;1971999.0;3192073.0;1220091.0;7501757.0;14942023.0;7440263.0;1446946.0;2231377.0;784447.0;204966.0;242926.0;37962.0;12639909.0;24722298.0;0.8935797215;;;
;KP;2010;p0p100;98989.328125;68318.8203125;12016471.0;1.68006909952e+12;852456.0;1743399.0;890943.0;926695.0;1892868.0;966173.0;958319.0;1963947.0;1005629.0;99.0;105.0;6.0;989169.0;2019161.0;1029993.0;929044.0;1893150.0;964109.0;1829951.0;;1896704.0;900907.0;1833501.0;932595.0;786470.0;1595078.0;808609.0;1886613.0;;1927360.0;1100143.0;2218894.0;1118751.0;1108038.0;2219703.0;1111666.0;1899546.0;;1889684.0;791508.0;1569526.0;778018.0;838885.0;1647743.0;808858.0;1269956.0;;1193406.0;431071.0;815618.0;384548.0;560777.0;1029208.0;468429.0;1087147.0;;853381.0;526370.0;911321.0;384952.0;427290.0;668092.0;240802.0;685722.0;;329845.0;258432.0;347477.0;89043.0;130480.0;156414.0;25935.0;177839.0;;32181.0;47359.0;53605.0;6246.0;10334.0;11388.0;1054.0;11621.0;;1166.0;1287.0;1401.0;112.0;3726639.0;7619375.0;3892738.0;8848494.0;16972224.0;8123733.0;3716564.0;7540623.0;3824064.0;3169502.0;6252590.0;3083090.0;1962428.0;3179011.0;1216579.0;7446843.0;14822421.0;7375583.0;1401651.0;2149803.0;748150.0;189559.0;222913.0;33353.0;12575133.0;24591600.0;0.8366559744;;;
;KP;2009;p0p100;100547.859375;69004.046875;11951759.0;1.68804732109e+12;867716.0;1773511.0;905793.0;934814.0;1911437.0;976622.0;967375.0;1981907.0;1014530.0;95.0;100.0;5.0;984079.0;2007670.0;1023592.0;924161.0;1883177.0;959016.0;1800997.0;;1866670.0;876836.0;1784489.0;907654.0;825808.0;1673668.0;847860.0;1965383.0;;2005385.0;1139575.0;2297098.0;1157525.0;1057952.0;2117568.0;1059616.0;1842172.0;;1828220.0;784220.0;1552824.0;768604.0;785658.0;1540387.0;754730.0;1205102.0;;1122836.0;419444.0;787550.0;368106.0;582158.0;1068314.0;486159.0;1104199.0;;865835.0;522041.0;901716.0;379676.0;410127.0;637561.0;227434.0;653491.0;;307847.0;243364.0;323776.0;80413.0;125532.0;151276.0;25745.0;172517.0;;32795.0;46985.0;54036.0;7050.0;11455.0;12889.0;1435.0;13329.0;;1629.0;1874.0;2067.0;194.0;3753984.0;7674525.0;3920537.0;8757285.0;16788496.0;8031222.0;3766380.0;7638432.0;3872055.0;3047274.0;5998329.0;2951056.0;1943631.0;3151735.0;1208111.0;7395812.0;14705075.0;7309270.0;1361473.0;2083421.0;721952.0;185941.0;220368.0;34429.0;12511269.0;24463020.0;0.9910216331;;;
;KP;2008;p0p100;102567.4375;70002.3515625;11887525.0;1.70351735603e+12;889289.0;1815800.0;926512.0;939956.0;1924501.0;984546.0;978132.0;2002339.0;1024209.0;92.0;97.0;5.0;972612.0;1983752.0;1011142.0;925478.0;1886035.0;960559.0;1765609.0;;1830190.0;840131.0;1709760.0;869631.0;893679.0;1810157.0;916479.0;2055565.0;;2095163.0;1161886.0;2340570.0;1178684.0;984798.0;1969205.0;984409.0;1795599.0;;1777734.0;810801.0;1604125.0;793325.0;693058.0;1354454.0;661396.0;1141212.0;;1052986.0;448154.0;839746.0;391590.0;589675.0;1082169.0;492493.0;1107188.0;;866326.0;517513.0;891350.0;373833.0;390009.0;600470.0;210457.0;621784.0;;284585.0;231775.0;305907.0;74128.0;121015.0;146214.0;25194.0;167036.0;;32424.0;46021.0;53254.0;7230.0;11603.0;13102.0;1500.0;13539.0;;1703.0;1936.0;2139.0;203.0;3779989.0;7726392.0;3946409.0;8667624.0;16608754.0;7941116.0;3821174.0;7746522.0;3925353.0;2936811.0;5767530.0;2830720.0;1909639.0;3094702.0;1185043.0;7347660.0;14596221.0;7248566.0;1319964.0;2012533.0;692550.0;180667.0;214806.0;34132.0;12447613.0;24335146.0;1.0882251263;;;
;KP;2007;p0p100;100556.164062;68268.875;11821299.0;1.65233124966e+12;911817.0;1860339.0;948527.0;945222.0;1937339.0;992122.0;987940.0;2020399.0;1032465.0;90.0;95.0;5.0;957706.0;1953288.0;995588.0;928382.0;1892244.0;963868.0;1731323.0;;1794794.0;802941.0;1633862.0;830926.0;976889.0;1977810.0;1000925.0;2142823.0;;2182091.0;1165934.0;2347096.0;1181166.0;903704.0;1804793.0;901093.0;1755072.0;;1733577.0;851368.0;1683850.0;832484.0;583034.0;1133185.0;550150.0;1085981.0;;991822.0;502947.0;944622.0;441672.0;586978.0;1077612.0;490630.0;1098753.0;;857035.0;511775.0;878189.0;366405.0;368773.0;559616.0;190831.0;591910.0;;260538.0;223137.0;292853.0;69707.0;116435.0;140687.0;24245.0;160710.0;;31189.0;44275.0;51222.0;6944.0;10960.0;12344.0;1382.0;12641.0;;1546.0;1681.0;1844.0;164.0;3802685.0;7771365.0;3968702.0;8579303.0;16431924.0;7852597.0;3874146.0;7851012.0;3976885.0;2841053.0;5566450.0;2725399.0;1864104.0;3014462.0;1150313.0;7302177.0;14495074.0;7192914.0;1277126.0;1936850.0;659683.0;173441.0;206192.0;32740.0;12381988.0;24203288.0;1.2099043131;;;
;KP;2006;p0p100;102852.257812;69497.015625;11749682.0;1.67217437082e+12;927541.0;1892757.0;965221.0;952649.0;1953408.0;1000767.0;993859.0;2030621.0;1036771.0;87.0;93.0;5.0;944416.0;1926288.0;981878.0;925125.0;1885864.0;960748.0;1709872.0;;1772264.0;784747.0;1596258.0;811516.0;1054206.0;2133430.0;1079230.0;2206135.0;;2244530.0;1151929.0;2317225.0;1165300.0;838423.0;1671882.0;833461.0;1711164.0;;1686240.0;872741.0;1725519.0;852779.0;492580.0;950142.0;457560.0;1050825.0;;951325.0;558245.0;1052012.0;493765.0;582142.0;1069501.0;487354.0;1085393.0;;843384.0;503251.0;859290.0;356030.0;349169.0;520205.0;171024.0;565241.0;;236706.0;216072.0;281764.0;65682.0;111574.0;134484.0;22904.0;153002.0;;29291.0;41428.0;47819.0;6387.0;9896.0;11085.0;1190.0;11237.0;;1300.0;1341.0;1450.0;110.0;3818465.0;7803074.0;3984637.0;8492956.0;16258023.0;7765045.0;3916007.0;7932777.0;4016794.0;2761989.0;5399555.0;2637565.0;1814960.0;2925691.0;1110686.0;7260138.0;14401833.0;7141713.0;1232818.0;1856190.0;623332.0;164326.0;194931.0;30596.0;12311421.0;24061096.0;1.1632767916;;;
;KP;2005;p0p100;105031.320312;70678.046875;11670344.0;1.68949999206e+12;932789.0;1906336.0;973546.0;962372.0;1972861.0;1010489.0;994581.0;2030547.0;1035965.0;85.0;90.0;5.0;935795.0;1908745.0;972950.0;911479.0;1858152.0;946673.0;1708396.0;;1769781.0;796917.0;1620025.0;823108.0;1111674.0;2248554.0;1136880.0;2232559.0;;2269014.0;1120885.0;2253019.0;1132134.0;803083.0;1598913.0;795832.0;1657971.0;;1629654.0;854888.0;1688708.0;833822.0;444994.0;852183.0;407189.0;1042255.0;;938808.0;597261.0;1128880.0;531619.0;580114.0;1066449.0;486336.0;1071352.0;;828063.0;491238.0;832966.0;341727.0;332897.0;486026.0;153127.0;542176.0;;214099.0;209279.0;270253.0;60972.0;106267.0;127483.0;21217.0;143929.0;;26906.0;37662.0;43351.0;5689.0;8391.0;9372.0;981.0;9563.0;;1064.0;1172.0;1254.0;83.0;3825537.0;7818489.0;3992950.0;8408286.0;16085678.0;7677394.0;3940955.0;7979750.0;4038795.0;2700226.0;5268684.0;2568462.0;1767105.0;2837244.0;1070137.0;7221295.0;14314883.0;7093593.0;1186991.0;1770795.0;583801.0;153577.0;181550.0;27975.0;12233823.0;23904168.0;1.0662978888;;;
;KP;2004;p0p100;102480.078125;68617.5859375;11581622.0;1.62826092544e+12;940906.0;1924503.0;983594.0;975433.0;1998329.0;1022892.0;989100.0;2018476.0;1029372.0;82.0;87.0;5.0;931349.0;1899630.0;968278.0;887082.0;1808359.0;921274.0;1723453.0;;1783987.0;836371.0;1699088.0;862713.0;1151888.0;2328588.0;1176695.0;2222406.0;;2256186.0;1070518.0;2150012.0;1079491.0;796127.0;1583054.0;786927.0;1596829.0;;1565036.0;800702.0;1578811.0;778109.0;434788.0;827909.0;393122.0;1054326.0;;945019.0;619538.0;1171432.0;551897.0;575495.0;1054145.0;478654.0;1048865.0;;800758.0;473370.0;795469.0;322104.0;314856.0;453083.0;138234.0;514465.0;;196531.0;199609.0;257902.0;58297.0;102150.0;124193.0;22046.0;139444.0;;28519.0;37294.0;43767.0;6473.0;9480.0;10788.0;1307.0;11218.0;;1445.0;1738.0;1873.0;138.0;3836788.0;7840938.0;4004136.0;8311088.0;15888560.0;7577486.0;3945859.0;7986047.0;4040173.0;2651155.0;5161206.0;2510055.0;1714074.0;2741307.0;1027258.0;7172509.0;14201398.0;7028882.0;1138579.0;1687162.0;548604.0;150744.0;180708.0;29969.0;12147876.0;23729498.0;1.0288276672;;;
;KP;2003;p0p100;101688.578125;67767.3671875;11484370.0;1.59514492928e+12;941806.0;1929022.0;987205.0;989617.0;2025301.0;1035669.0;977317.0;1993900.0;1016570.0;79.0;83.0;5.0;933385.0;1903748.0;970352.0;850229.0;1733032.0;882795.0;1755307.0;;1815179.0;905078.0;1837472.0;932384.0;1175270.0;2374201.0;1198921.0;2172322.0;;2202221.0;997052.0;2000359.0;1003300.0;823786.0;1636822.0;813032.0;1530365.0;;1495006.0;706579.0;1388556.0;681974.0;465586.0;885314.0;419730.0;1093261.0;;979529.0;627675.0;1187469.0;559799.0;570893.0;1041698.0;470817.0;1022626.0;;768860.0;451733.0;749759.0;298043.0;300395.0;427532.0;127160.0;491561.0;;183275.0;191166.0;247264.0;56115.0;98271.0;120559.0;22299.0;134906.0;;29029.0;36635.0;43360.0;6730.0;9810.0;11139.0;1329.0;11623.0;;1470.0;1813.0;1950.0;141.0;3842125.0;7851971.0;4009796.0;8212050.0;15686569.0;7474574.0;3927629.0;7945064.0;4017400.0;2623626.0;5098161.0;2474535.0;1660795.0;2643344.0;982639.0;7122148.0;14084923.0;6962752.0;1089902.0;1601646.0;511822.0;146608.0;177091.0;30504.0;12054175.0;23538540.0;1.0391856432;;;
;KP;2002;p0p100;101170.625;67132.875;11381792.0;1.56665839616e+12;941687.0;1931561.0;989855.0;999904.0;2044295.0;1044370.0;963077.0;1964553.0;1001458.0;75.0;79.0;4.0;936872.0;1910963.0;974074.0;813039.0;1656877.0;843822.0;1802639.0;;1862198.0;989600.0;2007992.0;1018376.0;1180146.0;2382302.0;1202138.0;2095676.0;;2120994.0;915530.0;1834395.0;918856.0;865598.0;1719332.0;853726.0;1460400.0;;1421322.0;594802.0;1162400.0;567596.0;522324.0;994969.0;472650.0;1147865.0;;1031326.0;625541.0;1184209.0;558676.0;565182.0;1027379.0;462212.0;992932.0;;732862.0;427750.0;698369.0;270650.0;289135.0;408397.0;119297.0;472976.0;;173574.0;183841.0;238092.0;54277.0;94205.0;116086.0;21897.0;129706.0;;28465.0;35501.0;42065.0;6568.0;9513.0;10689.0;1175.0;11079.0;;1290.0;1566.0;1677.0;115.0;3841540.0;7851372.0;4009757.0;8113348.0;15485309.0;7372035.0;3898315.0;7881566.0;3983192.0;2608265.0;5060910.0;2452648.0;1606768.0;2542833.0;936195.0;7071762.0;13969855.0;6898052.0;1041586.0;1515454.0;473983.0;140860.0;170596.0;29759.0;11954888.0;23336680.0;1.0445799828;;;
;KP;2001;p0p100;101240.320312;66923.5546875;11278572.0;1.54806294938e+12;949545.0;1949012.0;999447.0;1003046.0;2049295.0;1046231.0;950364.0;1938603.0;988224.0;71.0;75.0;4.0;933229.0;1903927.0;970679.0;794581.0;1618824.0;824229.0;1862227.0;;1922120.0;1067646.0;2165554.0;1097891.0;1165680.0;2351641.0;1185946.0;2015015.0;;2035976.0;849335.0;1699374.0;850030.0;887071.0;1761389.0;874312.0;1389753.0;;1346765.0;502682.0;975135.0;472453.0;578423.0;1104656.0;526238.0;1199349.0;;1081660.0;620926.0;1176340.0;555422.0;556098.0;1006878.0;450796.0;960316.0;;694144.0;404218.0;647538.0;243348.0;279558.0;392255.0;112730.0;456938.0;;165257.0;177380.0;229885.0;52527.0;89805.0;110732.0;20941.0;123348.0;;27029.0;33543.0;39625.0;6088.0;8824.0;9779.0;954.0;10037.0;;1036.0;1213.0;1293.0;82.0;3836184.0;7840837.0;4004581.0;8017054.0;15290973.0;7273991.0;3877242.0;7835393.0;3958096.0;2589102.0;5017520.0;2428425.0;1550710.0;2438060.0;887470.0;7022442.0;13859791.0;6837317.0;994612.0;1431182.0;436674.0;133456.0;161504.0;28069.0;11853238.0;23131810.0;1.5307508707;;;
;KP;2000;p0p100;98757.453125;65071.1992188;11177728.0;1.49202246042e+12;968854.0;1987652.0;1018798.0;998876.0;2040193.0;1041316.0;940829.0;1919569.0;978740.0;67.0;71.0;4.0;918070.0;1873713.0;955642.0;806061.0;1641832.0;835772.0;1930546.0;;1991676.0;1124485.0;2280389.0;1155904.0;1132631.0;2283977.0;1151348.0;1945240.0;;1962703.0;812609.0;1623964.0;811355.0;867568.0;1721398.0;853829.0;1321275.0;;1274238.0;453707.0;874115.0;420409.0;616867.0;1180956.0;564089.0;1235433.0;;1118337.0;618566.0;1172815.0;554248.0;542274.0;976892.0;434618.0;925789.0;;653874.0;383515.0;602771.0;219256.0;270498.0;376553.0;106057.0;441821.0;;156632.0;171323.0;221897.0;50575.0;85049.0;104656.0;19607.0;115848.0;;24980.0;30799.0;36172.0;5373.0;7688.0;8411.0;722.0;8702.0;;788.0;1014.0;1079.0;66.0;3826629.0;7821127.0;3994496.0;7924721.0;15107948.0;7183232.0;3875786.0;7830162.0;3954379.0;2556708.0;4949284.0;2392575.0;1492227.0;2328502.0;836278.0;6974768.0;13756338.0;6781572.0;949953.0;1351610.0;401660.0;124617.0;150389.0;25772.0;11751350.0;22929076.0;1.5285961628;;;
;KP;1999;p0p100;99362.4375;65366.0664062;11081256.0;1.48590034944e+12;984312.0;2018557.0;1034236.0;990364.0;2022549.0;1032176.0;936770.0;1912093.0;975316.0;63.0;67.0;4.0;893787.0;1824439.0;930645.0;845965.0;1722359.0;876384.0;2011037.0;;2073465.0;1165072.0;2362161.0;1197081.0;1082243.0;2181384.0;1099136.0;1888357.0;;1902780.0;806114.0;1609761.0;803644.0;812687.0;1610237.0;797547.0;1256718.0;;1205117.0;444031.0;851599.0;407570.0;641014.0;1229208.0;588197.0;1255060.0;;1136347.0;614046.0;1162193.0;548150.0;522780.0;932561.0;409789.0;887726.0;;609942.0;364946.0;565086.0;200153.0;259126.0;360771.0;101661.0;422722.0;;152768.0;163596.0;214691.0;51107.0;82080.0;103270.0;21194.0;113349.0;;27414.0;31269.0;37491.0;6220.0;8980.0;9900.0;926.0;10466.0;;1046.0;1486.0;1608.0;120.0;3805233.0;7777638.0;3972373.0;7845498.0;14954347.0;7108883.0;3899394.0;7875665.0;3976245.0;2511778.0;4853237.0;2341464.0;1434326.0;2225445.0;791174.0;6933952.0;13661463.0;6727498.0;911546.0;1292884.0;381385.0;123878.0;152336.0;28464.0;11650731.0;22731984.0;1.4874492884;;;
;KP;1998;p0p100;94549.203125;62152.9023438;10987237.0;1.4007608279e+12;1007447.0;2064233.0;1056780.0;975234.0;1992095.0;1016856.0;938756.0;1917194.0;978432.0;60.0;64.0;4.0;856491.0;1748662.0;892166.0;914818.0;1862207.0;947385.0;2102909.0;;2167799.0;1188091.0;2408508.0;1220414.0;1007861.0;2030494.0;1022628.0;1841913.0;;1854058.0;834052.0;1665483.0;831430.0;716828.0;1416396.0;699568.0;1192432.0;;1135724.0;475604.0;911759.0;436156.0;649965.0;1248680.0;598716.0;1259102.0;;1140393.0;609137.0;1150812.0;541677.0;498922.0;878504.0;379584.0;848582.0;;565713.0;349660.0;535780.0;186129.0;248678.0;347093.0;98421.0;405227.0;;149813.0;156549.0;207934.0;51392.0;79504.0;101581.0;22079.0;111054.0;;28466.0;31550.0;37941.0;6387.0;9358.0;10259.0;905.0;10888.0;;1033.0;1530.0;1657.0;128.0;3777928.0;7722184.0;3944234.0;7772167.0;14815152.0;7043003.0;3944822.0;7966692.0;4021857.0;2451534.0;4727647.0;2276117.0;1375811.0;2120813.0;745029.0;6895278.0;13572843.0;6677558.0;876889.0;1242309.0;365445.0;122002.0;151502.0;29503.0;11550095.0;22537336.0;1.5768588781;;;
;KP;1997;p0p100;96327.9296875;63286.3789062;10890109.0;1.41354165862e+12;1028277.0;2104899.0;1076628.0;960015.0;1961859.0;1001849.0;941115.0;1923021.0;981910.0;56.0;60.0;3.0;818611.0;1671593.0;852987.0;999314.0;2034281.0;1034971.0;2191605.0;;2259449.0;1192291.0;2416766.0;1224478.0;925051.0;1862447.0;937397.0;1800956.0;;1811229.0;875905.0;1749736.0;873832.0;603123.0;1185944.0;582822.0;1136299.0;;1074261.0;533176.0;1024616.0;491439.0;647621.0;1246416.0;598794.0;1250738.0;;1132874.0;603117.0;1137198.0;534080.0;472689.0;819138.0;346446.0;809541.0;;522306.0;336852.0;512719.0;175860.0;239388.0;335599.0;96205.0;389624.0;;147565.0;150236.0;201600.0;51360.0;76955.0;99084.0;22128.0;108426.0;;28141.0;31471.0;37488.0;6013.0;8970.0;9772.0;804.0;10268.0;;907.0;1298.0;1402.0;103.0;3748018.0;7661372.0;3913374.0;7697513.0;14674266.0;6976735.0;3992561.0;8063230.0;4070678.0;2387037.0;4594174.0;2207135.0;1317915.0;2016862.0;698922.0;6852287.0;13476542.0;6624259.0;845226.0;1197724.0;352476.0;118750.0;147806.0;29051.0;11445531.0;22335638.0;1.5701001883;;;
;KP;1996;p0p100;104159.945312;68353.59375;10782069.0;1.51154039194e+12;1032522.0;2112278.0;1079765.0;949183.0;1940651.0;991478.0;936733.0;1914801.0;978075.0;53.0;56.0;3.0;800233.0;1634094.0;833868.0;1078168.0;2194987.0;1116827.0;2256303.0;;2326429.0;1178135.0;2387727.0;1209602.0;858421.0;1726834.0;868418.0;1756149.0;;1764343.0;897728.0;1793649.0;895925.0;510049.0;996181.0;486133.0;1100374.0;;1033561.0;590325.0;1137755.0;547428.0;642679.0;1238766.0;596086.0;1236877.0;;1119161.0;594198.0;1117277.0;523075.0;447652.0;762789.0;315127.0;772897.0;;482336.0;325245.0;492468.0;167209.0;231349.0;325981.0;94618.0;376139.0;;145642.0;144790.0;195824.0;51024.0;74268.0;95666.0;21391.0;104947.0;;26632.0;30679.0;35923.0;5241.0;8086.0;8791.0;706.0;9065.0;;776.0;979.0;1050.0;70.0;3718671.0;7601824.0;3883186.0;7612804.0;14511724.0;6898883.0;4012452.0;8103197.0;4090772.0;2337251.0;4489979.0;2152722.0;1263101.0;1918548.0;655389.0;6797355.0;13355965.0;6558621.0;815449.0;1155759.0;340262.0;114065.0;141486.0;27411.0;11331475.0;22113548.0;1.5060144663;;;
;KP;1995;p0p100;109287.695312;71537.3359375;10657909.0;1.56397063373e+12;1014966.0;2076110.0;1061146.0;943437.0;1929617.0;986180.0;922571.0;1886165.0;963593.0;49.0;52.0;3.0;812965.0;1659824.0;846857.0;1137119.0;2314936.0;1177817.0;2283706.0;;2354414.0;1146587.0;2323185.0;1176597.0;822408.0;1652916.0;830510.0;1701421.0;;1706759.0;879013.0;1755260.0;876249.0;461220.0;894933.0;433714.0;1091206.0;;1020859.0;629986.0;1217130.0;587145.0;640549.0;1236032.0;595482.0;1221481.0;;1102018.0;580932.0;1087467.0;506536.0;426077.0;714838.0;288760.0;740225.0;;447722.0;314148.0;473111.0;158962.0;224331.0;317491.0;93159.0;364357.0;;143439.0;140026.0;190307.0;50280.0;71384.0;91396.0;20012.0;100432.0;;24261.0;29048.0;33296.0;4249.0;6777.0;7383.0;606.0;7575.0;;658.0;798.0;850.0;52.0;3693939.0;7551716.0;3857776.0;7510452.0;14310583.0;6800133.0;3985127.0;8046297.0;4061173.0;2312687.0;4435562.0;2122877.0;1212638.0;1828724.0;616083.0;6723891.0;13196697.0;6472810.0;786561.0;1113886.0;327323.0;108056.0;132977.0;24922.0;11204391.0;21862300.0;0.6604341269;;;
;KP;1994;p0p100;116729.4375;75795.5703125;10515411.0;1.6355154985e+12;1001609.0;2049109.0;1047527.0;949125.0;1941923.0;992823.0;896932.0;1834120.0;937212.0;45.0;48.0;3.0;853203.0;1741664.0;888482.0;1177208.0;2395957.0;1218777.0;2271592.0;;2340544.0;1094384.0;2216130.0;1121767.0;815161.0;1636751.0;821604.0;1637924.0;;1638817.0;822763.0;1639967.0;817213.0;451176.0;871233.0;420056.0;1105468.0;;1031856.0;654292.0;1266094.0;611800.0;636241.0;1226002.0;589756.0;1194647.0;;1064597.0;558406.0;1033265.0;474841.0;403508.0;663836.0;260294.0;703709.0;;409209.0;300201.0;449154.0;148915.0;212588.0;302682.0;90062.0;343880.0;;139391.0;131292.0;180643.0;49329.0;67720.0;87644.0;19912.0;96265.0;;24089.0;28545.0;32722.0;4177.0;7098.0;7879.0;773.0;8169.0;;861.0;1071.0;1159.0;88.0;3700869.0;7566816.0;3866044.0;7361699.0;14011166.0;6649367.0;3909516.0;7888805.0;3979361.0;2300115.0;4396594.0;2096453.0;1152068.0;1725767.0;573553.0;6613139.0;12949235.0;6336108.0;748560.0;1061931.0;313259.0;104479.0;129452.0;24953.0;11062568.0;21577982.0;1.0767866373;;;
;KP;1993;p0p100;122176.6875;78566.3828125;10357422.0;1.67077963366e+12;970049.0;1985278.0;1015270.0;961069.0;1966660.0;1005632.0;858139.0;1754874.0;896771.0;41.0;44.0;3.0;923118.0;1883912.0;960831.0;1200448.0;2442187.0;1241781.0;2219362.0;;2284353.0;1018914.0;2061454.0;1042572.0;843519.0;1692726.0;849226.0;1569290.0;;1565181.0;725771.0;1441715.0;715955.0;483282.0;932241.0;448954.0;1146787.0;;1071111.0;663505.0;1285666.0;622157.0;631517.0;1214256.0;582732.0;1162814.0;;1019180.0;531297.0;967775.0;436448.0;384749.0;622870.0;238067.0;672004.0;;379348.0;287255.0;428592.0;141281.0;201340.0;288800.0;87416.0;324885.0;;135731.0;123545.0;171890.0;48315.0;65106.0;84301.0;19175.0;92791.0;;23156.0;27685.0;31675.0;3981.0;6985.0;7754.0;765.0;8061.0;;855.0;1076.0;1164.0;90.0;3712375.0;7590724.0;3878504.0;7196035.0;13675110.0;6478918.0;3788652.0;7638082.0;3849534.0;2309601.0;4399938.0;2090291.0;1097782.0;1637090.0;539093.0;6483002.0;12660890.0;6177892.0;713033.0;1014220.0;301026.0;100893.0;124938.0;24014.0;10908410.0;21265834.0;1.3568512201;;;
;KP;1992;p0p100;131458.578125;83540.6171875;10189996.0;1.74912372736e+12;937265.0;1918969.0;981747.0;965214.0;1975140.0;1009968.0;821467.0;1679630.0;858197.0;37.0;39.0;2.0;1008802.0;2058153.0;1049393.0;1204846.0;2449644.0;1244843.0;2140045.0;;2199322.0;935199.0;1889648.0;954479.0;886117.0;1777553.0;891460.0;1496938.0;;1487158.0;610821.0;1206512.0;595698.0;541797.0;1046759.0;504958.0;1202970.0;;1126115.0;661173.0;1282331.0;621157.0;624791.0;1197345.0;572544.0;1126536.0;;967292.0;501745.0;896530.0;394748.0;368828.0;589855.0;220971.0;643729.0;;356349.0;274901.0;410336.0;135378.0;190740.0;275919.0;85136.0;307518.0;;132262.0;116778.0;163932.0;47126.0;63180.0;80881.0;17682.0;89534.0;;21457.0;26354.0;30138.0;3775.0;6451.0;7113.0;660.0;7356.0;;734.0;905.0;977.0;74.0;3732748.0;7631892.0;3899305.0;7014663.0;13305512.0;6290691.0;3636983.0;7323357.0;3686480.0;2329506.0;4422965.0;2093407.0;1048174.0;1559190.0;510804.0;6335317.0;12336177.0;6000858.0;679346.0;969335.0;289833.0;96927.0;119148.0;22193.0;10747411.0;20937404.0;1.4956647158;;;
;KP;1991;p0p100;145934.6875;91341.7890625;10021816.0;1.8824766423e+12;928113.0;1900470.0;972384.0;952783.0;1949369.0;996616.0;804434.0;1644146.0;839736.0;33.0;35.0;2.0;1086513.0;2215719.0;1129239.0;1188271.0;2414073.0;1225834.0;2054496.0;;2107066.0;866225.0;1747440.0;881232.0;906601.0;1817340.0;910753.0;1422284.0;;1405905.0;515683.0;1010832.0;495152.0;598645.0;1158817.0;560172.0;1253273.0;;1175488.0;654628.0;1269946.0;615316.0;612780.0;1168192.0;555404.0;1085423.0;;910175.0;472643.0;827443.0;354771.0;353663.0;560274.0;206572.0;616225.0;;336902.0;262562.0;392928.0;130330.0;180770.0;263835.0;83038.0;291665.0;;128616.0;110895.0;156492.0;45578.0;61319.0;76947.0;15615.0;85726.0;;19107.0;24407.0;27905.0;3492.0;5684.0;6215.0;530.0;6367.0;;580.0;683.0;732.0;50.0;3771843.0;7709704.0;3937975.0;6815492.0;12899446.0;6083841.0;3476780.0;6989685.0;3512971.0;2338696.0;4424398.0;2085663.0;1000016.0;1485363.0;485207.0;6169139.0;11974357.0;5805206.0;646353.0;925089.0;278635.0;92126.0;111834.0;19689.0;10587335.0;20609150.0;1.5632594824;;;
;KP;1990;p0p100;158018.703125;97051.6015625;9859249.0;1.96947345408e+12;952390.0;1949570.0;997180.0;924457.0;1890764.0;966308.0;814855.0;1664416.0;849561.0;30.0;32.0;2.0;1140701.0;2324757.0;1184057.0;1151053.0;2336233.0;1185178.0;1977227.0;;2022774.0;826174.0;1663769.0;837596.0;883652.0;1768670.0;885020.0;1347879.0;;1323988.0;464227.0;903195.0;438968.0;635719.0;1232189.0;596468.0;1284404.0;;1205457.0;648685.0;1257675.0;608989.0;593982.0;1123543.0;529561.0;1040103.0;;849659.0;446121.0;766219.0;320098.0;338111.0;531501.0;193390.0;588254.0;;319061.0;250143.0;375814.0;125671.0;171455.0;252363.0;80909.0;277276.0;;124365.0;105821.0;149275.0;43456.0;58997.0;72339.0;13343.0;81025.0;;16376.0;22028.0;25062.0;3033.0;4658.0;5081.0;424.0;5207.0;;461.0;549.0;587.0;37.0;3832403.0;7829507.0;3997106.0;6601405.0;12463547.0;5862143.0;3325106.0;6671867.0;3346762.0;2324507.0;4379626.0;2055116.0;951792.0;1412054.0;460265.0;5987724.0;11582994.0;5595268.0;613681.0;880553.0;266875.0;86262.0;103101.0;16839.0;10433808.0;20293054.0;1.6199266911;;;
;KP;1989;p0p100;170492.140625;102930.398438;9704659.0;2.05796527309e+12;961737.0;1968740.0;1007011.0;879511.0;1798780.0;919276.0;857921.0;1751739.0;893825.0;;;;1180115.0;2403762.0;1223653.0;1098129.0;2226775.0;1128652.0;1916794.0;;1956653.0;818665.0;1646664.0;828001.0;826846.0;1651527.0;824683.0;1280990.0;;1249748.0;454144.0;879209.0;425065.0;660063.0;1281202.0;621140.0;1304630.0;;1224747.0;644567.0;1248175.0;603607.0;571642.0;1068925.0;497280.0;994769.0;;786994.0;423127.0;712848.0;289714.0;324063.0;505665.0;181594.0;562990.0;;303916.0;238927.0;361255.0;122322.0;162421.0;242149.0;79724.0;263980.0;;122082.0;101559.0;143920.0;42358.0;;;;;;;;;;;;;;;;;;;3879284.0;7923021.0;4043765.0;6409814.0;12070734.0;5660894.0;3197784.0;6404175.0;3206401.0;2299399.0;4311150.0;2011741.0;912631.0;1355409.0;442752.0;5821246.0;11220990.0;5399736.0;588568.0;849744.0;261158.0;85661.0;102420.0;16754.0;10289098.0;19993756.0;1.6859863997;;;
;KP;1988;p0p100;174194.5625;102979.335938;9556528.0;2.02955017421e+12;994887.0;2035991.0;1041100.0;822660.0;1682167.0;859503.0;929301.0;1896510.0;967206.0;;;;1200102.0;2442601.0;1242494.0;1019748.0;2065258.0;1045505.0;1864840.0;;1898850.0;845092.0;1698440.0;853345.0;727563.0;1447856.0;720293.0;1212916.0;;1173413.0;485353.0;938472.0;453120.0;667775.0;1297690.0;629915.0;1306355.0;;1225317.0;638580.0;1233983.0;595402.0;543311.0;1000027.0;456718.0;946553.0;;721743.0;403242.0;668264.0;265025.0;310507.0;482880.0;172377.0;538002.0;;291852.0;227495.0;346967.0;119475.0;153908.0;232415.0;78509.0;252549.0;;118803.0;98641.0;138933.0;40294.0;;;;;;;;;;;;;;;;;;;3946950.0;8057269.0;4110303.0;6204838.0;11651054.0;5446225.0;3077756.0;6150026.0;3072263.0;2252908.0;4199964.0;1947060.0;874174.0;1301064.0;426902.0;5641171.0;10832870.0;5191700.0;563667.0;818184.0;254525.0;83623.0;99869.0;16247.0;10151788.0;19708324.0;1.5384687185;;;
;KP;1987;p0p100;178171.578125;103001.882812;9412650.0;2.00153117491e+12;1023810.0;2094324.0;1070492.0;783714.0;1601925.0;818194.0;1010162.0;2060304.0;1050121.0;;;;1200723.0;2441704.0;1240958.0;933119.0;1886874.0;953739.0;1818280.0;;1846490.0;885161.0;1777926.0;892751.0;610527.0;1207832.0;597300.0;1153019.0;;1105249.0;542492.0;1050439.0;507949.0;663622.0;1290642.0;627019.0;1293809.0;;1210452.0;630187.0;1213618.0;583433.0;512132.0;924499.0;412382.0;898548.0;;658090.0;386416.0;632098.0;245708.0;297600.0;463095.0;165519.0;513798.0;;282526.0;216198.0;333188.0;117007.0;146391.0;223641.0;77263.0;243293.0;;114628.0;96902.0;134255.0;37365.0;;;;;;;;;;;;;;;;;;;4018409.0;8198257.0;4179765.0;6000933.0;11233729.0;5232885.0;2971299.0;5923071.0;2951739.0;2192357.0;4060857.0;1868542.0;837277.0;1249801.0;412604.0;5461256.0;10447023.0;4985800.0;539677.0;786706.0;247085.0;80186.0;95622.0;15450.0;10019342.0;19431986.0;1.5640542507;;;
;KP;1986;p0p100;181498.578125;103038.992188;9269208.0;1.97389700301e+12;1009594.0;2064851.0;1055229.0;781540.0;1596872.0;815311.0;1084124.0;2210048.0;1125896.0;;;;1185786.0;2409473.0;1223657.0;865532.0;1747488.0;881937.0;1772446.0;;1795369.0;906914.0;1820365.0;913432.0;516213.0;1013595.0;497379.0;1116405.0;;1061708.0;600192.0;1164521.0;564329.0;658212.0;1280617.0;622403.0;1277335.0;;1189249.0;619123.0;1185965.0;566846.0;483499.0;854978.0;371502.0;855851.0;;602182.0;372352.0;603001.0;230680.0;286071.0;446962.0;160917.0;492089.0;;276154.0;206018.0;321236.0;115237.0;140607.0;216556.0;75965.0;236566.0;;110124.0;95959.0;130105.0;34159.0;;;;;;;;;;;;;;;;;;;4061044.0;8281244.0;4220093.0;5826539.0;10875551.0;5049115.0;2888851.0;5745969.0;2857077.0;2133186.0;3924561.0;1791431.0;804502.0;1205021.0;400607.0;5308108.0;10117492.0;4809425.0;518431.0;758059.0;239690.0;75847.0;90162.0;14329.0;9887583.0;19156796.0;1.5640542507;;;
;KP;1985;p0p100;183441.046875;103121.0625;9123613.0;1.94664084275e+12;930655.0;1903873.0;973218.0;818341.0;1671742.0;853399.0;1146294.0;2336193.0;1189898.0;;;;1158888.0;2353624.0;1194735.0;832979.0;1679815.0;846834.0;1724835.0;;1743265.0;891856.0;1788287.0;896431.0;468911.0;914443.0;445531.0;1111929.0;;1052424.0;643018.0;1249912.0;606893.0;658264.0;1280620.0;622357.0;1263804.0;;1167806.0;605540.0;1150992.0;545449.0;460839.0;799360.0;338520.0;821520.0;;557619.0;360681.0;579779.0;219099.0;276315.0;434675.0;158358.0;474012.0;;272788.0;197697.0;312127.0;114430.0;136973.0;211371.0;74397.0;232299.0;;105586.0;95326.0;126515.0;31189.0;;;;;;;;;;;;;;;;;;;4054178.0;8265432.0;4211250.0;5699435.0;10611806.0;4912363.0;2836764.0;5632457.0;2795689.0;2085324.0;3810751.0;1725425.0;777347.0;1168598.0;391249.0;5198403.0;9877883.0;4679472.0;501032.0;733923.0;232891.0;71036.0;83910.0;12875.0;9753613.0;18877238.0;1.5640542507;;;
;KP;1984;p0p100;182063.84375;100977.539062;8974360.0;1.87718631424e+12;893813.0;1828065.0;934246.0;881222.0;1799329.0;918097.0;1183503.0;2410525.0;1227013.0;;;;1104927.0;2241625.0;1136689.0;825099.0;1661697.0;836593.0;1659217.0;;1671269.0;834118.0;1668798.0;834676.0;458616.0;889917.0;431300.0;1126085.0;;1063010.0;667469.0;1299180.0;631710.0;653862.0;1270539.0;616674.0;1236695.0;;1129117.0;582833.0;1095270.0;512443.0;437704.0;744989.0;307294.0;783391.0;;513578.0;345687.0;551963.0;206284.0;263982.0;417805.0;153832.0;452192.0;;266789.0;188210.0;301161.0;112957.0;132209.0;204046.0;71840.0;224909.0;;101222.0;92700.0;122076.0;29382.0;;;;;;;;;;;;;;;;;;;4063465.0;8279544.0;4216045.0;5552317.0;10310594.0;4758315.0;2785302.0;5519592.0;2734279.0;2020086.0;3662761.0;1642695.0;746929.0;1128241.0;381341.0;5069370.0;9600158.0;4530806.0;482947.0;710436.0;227509.0;69828.0;83153.0;13330.0;9615782.0;18590138.0;1.5640542507;;;
;KP;1983;p0p100;179584.21875;98928.234375;8822808.0;1.81020996403e+12;835774.0;1709182.0;873407.0;964023.0;1967786.0;1003762.0;1205733.0;2454401.0;1248665.0;;;;1029787.0;2086839.0;1057050.0;855043.0;1720908.0;865864.0;1591775.0;;1597906.0;736732.0;1468774.0;732042.0;492056.0;953858.0;461801.0;1169992.0;;1105274.0;677936.0;1321411.0;643473.0;650301.0;1261352.0;611051.0;1206587.0;;1084137.0;556286.0;1029371.0;473086.0;419263.0;702198.0;282938.0;751834.0;;479926.0;332571.0;529558.0;196988.0;252554.0;403376.0;150821.0;432354.0;;263067.0;179800.0;292046.0;112246.0;129399.0;197714.0;68316.0;219592.0;;96451.0;90193.0;118327.0;28135.0;;;;;;;;;;;;;;;;;;;4035317.0;8218208.0;4182884.0;5440087.0;10080006.0;4639924.0;2761767.0;5464951.0;2703180.0;1958421.0;3522479.0;1564063.0;719899.0;1092576.0;372681.0;4972742.0;9390806.0;4418064.0;467345.0;689200.0;221860.0;67953.0;81113.0;13163.0;9475404.0;18298214.0;1.5640542507;;;
;KP;1982;p0p100;176553.0625;96932.7734375;8672582.0;1.74562004173e+12;781965.0;1599055.0;817104.0;1046124.0;2134847.0;1088743.0;1213831.0;2469495.0;1255686.0;;;;947625.0;1917941.0;970330.0;900742.0;1812456.0;911725.0;1522524.0;;1522718.0;621782.0;1232770.0;610993.0;553145.0;1074202.0;521058.0;1230760.0;;1165852.0;677615.0;1322408.0;644794.0;645501.0;1248325.0;602826.0;1172986.0;;1033021.0;527485.0;957688.0;430195.0;404195.0;668366.0;264153.0;725006.0;;454676.0;320811.0;511351.0;190523.0;241758.0;390790.0;149020.0;414071.0;;260732.0;172313.0;284033.0;111712.0;128101.0;192084.0;63975.0;215881.0;;91245.0;87780.0;115060.0;27270.0;;;;;;;;;;;;;;;;;;;3989545.0;8121338.0;4131863.0;5346441.0;9887226.0;4540719.0;2753284.0;5441836.0;2688570.0;1897992.0;3385730.0;1487697.0;695165.0;1059660.0;364452.0;4893034.0;9218356.0;4325287.0;453407.0;668870.0;215432.0;65213.0;77693.0;12475.0;9335986.0;18008564.0;1.5640542507;;;
;KP;1981;p0p100;174128.59375;94936.328125;8528728.0;1.68333790413e+12;769808.0;1573889.0;804101.0;1111268.0;2266856.0;1155618.0;1202458.0;2444594.0;1242166.0;;;;880084.0;1778680.0;898616.0;923943.0;1858110.0;934184.0;1450349.0;;1443793.0;526406.0;1036008.0;509609.0;612676.0;1192399.0;579726.0;1285514.0;;1220781.0;672838.0;1313889.0;641055.0;634974.0;1221624.0;586648.0;1133528.0;;974738.0;498554.0;886662.0;388090.0;389693.0;637827.0;248108.0;698860.0;;433725.0;309167.0;494808.0;185617.0;231104.0;378933.0;147813.0;396687.0;;258200.0;165583.0;275980.0;110387.0;127147.0;186500.0;59339.0;212521.0;;85619.0;85374.0;111667.0;26280.0;;;;;;;;;;;;;;;;;;;3963618.0;8064019.0;4100501.0;5238883.0;9667211.0;4428227.0;2735863.0;5400406.0;2664574.0;1832388.0;3240921.0;1408463.0;670632.0;1025884.0;355190.0;4799355.0;9020260.0;4220850.0;439528.0;646951.0;207377.0;61424.0;72804.0;11371.0;9202501.0;17731230.0;1.5640542507;;;
;KP;1980;p0p100;173151.578125;92906.4609375;8394230.0;1.62327468442e+12;825039.0;1685981.0;860941.0;1152287.0;2348718.0;1196431.0;1165848.0;2367639.0;1201791.0;;;;839960.0;1694925.0;854966.0;900856.0;1809030.0;908174.0;1375039.0;;1360512.0;474183.0;926524.0;452338.0;650763.0;1268353.0;617591.0;1317839.0;;1252597.0;667076.0;1302081.0;635006.0;615744.0;1174886.0;559143.0;1086662.0;;909074.0;470918.0;820849.0;349931.0;373894.0;606897.0;233003.0;670501.0;;414253.0;296607.0;477856.0;181250.0;220244.0;366779.0;146536.0;379874.0;;254028.0;159630.0;267122.0;107492.0;125535.0;180409.0;54874.0;208251.0;;79644.0;82716.0;107484.0;24770.0;;;;;;;;;;;;;;;;;;;3983134.0;8097263.0;4114129.0;5094780.0;9374877.0;4280101.0;2692878.0;5305988.0;2613109.0;1757163.0;3080488.0;1323327.0;644739.0;988401.0;343665.0;4670285.0;8753255.0;4082972.0;424495.0;621622.0;197129.0;56614.0;66607.0;9993.0;9077914.0;17472140.0;1.5640542507;;;
;KP;1979;p0p100;171242.4375;90471.9453125;8271336.0;1.55934418534e+12;862316.0;1761685.0;899374.0;1192595.0;2429633.0;1237045.0;1112372.0;2257057.0;1144692.0;;;;834130.0;1681229.0;847104.0;844602.0;1692365.0;847766.0;1309656.0;;1287125.0;465054.0;904413.0;439359.0;677312.0;1322100.0;644789.0;1341825.0;;1276119.0;664513.0;1295841.0;631330.0;594212.0;1121229.0;527016.0;1042972.0;;846124.0;448760.0;767873.0;319108.0;359965.0;580862.0;220890.0;644161.0;;398025.0;284196.0;461337.0;177135.0;210384.0;355344.0;144956.0;365957.0;;249082.0;155573.0;259699.0;104126.0;122862.0;174748.0;51884.0;202519.0;;76192.0;79657.0;103968.0;24308.0;;;;;;;;;;;;;;;;;;;4001413.0;8129604.0;4128215.0;4962919.0;9106062.0;4143121.0;2651481.0;5214719.0;2563244.0;1687133.0;2931301.0;1244149.0;624305.0;960042.0;335728.0;4548998.0;8501364.0;3952349.0;413921.0;604698.0;190772.0;55829.0;66283.0;10454.0;8964332.0;17235666.0;1.5640542507;;;
;KP;1978;p0p100;170087.9375;88030.671875;8157112.0;1.49792856474e+12;918161.0;1875397.0;957248.0;1226233.0;2496678.0;1270461.0;1034075.0;2095840.0;1061779.0;;;;864476.0;1741279.0;876812.0;746030.0;1489433.0;743410.0;1245123.0;;1214058.0;499093.0;969741.0;470648.0;688078.0;1345075.0;657000.0;1349187.0;;1282921.0;661109.0;1287028.0;625921.0;567225.0;1053992.0;486762.0;997348.0;;780989.0;430123.0;724362.0;294227.0;346843.0;558364.0;211508.0;618842.0;;385556.0;271999.0;446054.0;174048.0;201215.0;345419.0;144200.0;354359.0;;243513.0;153144.0;252462.0;99313.0;119944.0;169715.0;49763.0;196642.0;;73377.0;76698.0;100316.0;23614.0;;;;;;;;;;;;;;;;;;;4042945.0;8209195.0;4166300.0;4815927.0;8806789.0;3990812.0;2594310.0;5091277.0;2496979.0;1616190.0;2782772.0;1166545.0;605427.0;932740.0;327288.0;4411715.0;8219468.0;3807724.0;404212.0;587321.0;183088.0;54426.0;64828.0;10398.0;8858872.0;17015984.0;1.5640542507;;;
;KP;1977;p0p100;169289.984375;85668.1640625;8043120.0;1.43893200896e+12;990425.0;2022495.0;1032086.0;1238322.0;2519648.0;1281348.0;950396.0;1923559.0;973178.0;;;;909395.0;1831070.0;921689.0;628764.0;1248212.0;619453.0;1189073.0;;1149680.0;560309.0;1090535.0;530227.0;686860.0;1344344.0;657487.0;1342213.0;;1274189.0;655353.0;1272052.0;616702.0;537161.0;979275.0;442106.0;951335.0;;716533.0;414174.0;688617.0;274427.0;334271.0;538689.0;204402.0;594530.0;;376346.0;260259.0;432214.0;171944.0;192899.0;336764.0;143860.0;344628.0;;237168.0;151729.0;245045.0;93308.0;116989.0;165332.0;48333.0;190850.0;;70985.0;73861.0;96521.0;22652.0;;;;;;;;;;;;;;;;;;;4088538.0;8296773.0;4208301.0;4664910.0;8499806.0;3834819.0;2531286.0;4955143.0;2423869.0;1545865.0;2638795.0;1092879.0;587759.0;905868.0;318071.0;4270050.0;7930702.0;3660608.0;394860.0;569104.0;174211.0;52281.0;62206.0;9918.0;8753448.0;16796578.0;1.5640542507;;;
;KP;1976;p0p100;168219.796875;83496.2265625;7917772.0;1.38225883546e+12;1075365.0;2194883.0;1119535.0;1220171.0;2480791.0;1260638.0;884179.0;1786700.0;902534.0;;;;932045.0;1875392.0;943358.0;531969.0;1048309.0;516344.0;1152082.0;;1105681.0;620113.0;1209448.0;589337.0;681509.0;1334772.0;653265.0;1325571.0;;1252932.0;644062.0;1243727.0;599667.0;507364.0;906003.0;398631.0;906296.0;;656108.0;398932.0;656423.0;257477.0;321695.0;520495.0;198787.0;570734.0;;369445.0;249039.0;419703.0;170658.0;185685.0;328646.0;142957.0;335987.0;;230031.0;150302.0;237383.0;87074.0;114122.0;161086.0;46955.0;185304.0;;68414.0;71182.0;92647.0;21459.0;;;;;;;;;;;;;;;;;;;4111760.0;8337766.0;4226065.0;4525212.0;8216981.0;3691707.0;2477653.0;4836256.0;2358613.0;1477030.0;2502624.0;1025553.0;570529.0;878100.0;307541.0;4140368.0;7667526.0;3527123.0;384844.0;549454.0;164584.0;49238.0;58338.0;9096.0;8636972.0;16554746.0;1.5640542507;;;
;KP;1975;p0p100;166406.0625;81587.6484375;7773011.0;1.32781781811e+12;1164255.0;2374435.0;1210179.0;1173582.0;2383761.0;1210178.0;846375.0;1707644.0;861270.0;;;;910535.0;1829516.0;918981.0;480284.0;939941.0;459657.0;1140240.0;;1088881.0;659956.0;1289180.0;629224.0;676985.0;1325693.0;648707.0;1302620.0;;1221529.0;625635.0;1198457.0;572822.0;480195.0;840493.0;360297.0;863475.0;;602367.0;383280.0;625350.0;242070.0;308911.0;503137.0;194226.0;547267.0;;364251.0;238356.0;408381.0;170025.0;179798.0;320402.0;140605.0;328107.0;;222127.0;148309.0;229828.0;81522.0;111323.0;156457.0;45133.0;179938.0;;65218.0;68615.0;88700.0;20085.0;;;;;;;;;;;;;;;;;;;4094747.0;8295357.0;4200608.0;4406979.0;7979384.0;3572403.0;2442860.0;4753271.0;2310410.0;1410742.0;2377361.0;966618.0;553377.0;848752.0;295375.0;4033400.0;7451034.0;3417633.0;373579.0;528350.0;154770.0;45332.0;53365.0;8030.0;8501726.0;16274740.0;1.5640542507;;;
;KP;1974;p0p100;153833.6875;75396.6796875;7606560.0;1.20273371136e+12;1224839.0;2496805.0;1271962.0;1096710.0;2225491.0;1128779.0;844308.0;1701663.0;857351.0;;;;852913.0;1709716.0;856799.0;470971.0;917359.0;446389.0;1157615.0;;1103045.0;686644.0;1343299.0;656656.0;674257.0;1319114.0;644856.0;1277949.0;;1184794.0;603692.0;1143630.0;539938.0;457466.0;786088.0;328624.0;826605.0;;558436.0;369139.0;598948.0;229812.0;296465.0;487028.0;190565.0;524185.0;;359353.0;227720.0;396505.0;168788.0;175477.0;311304.0;135828.0;321666.0;;213461.0;146189.0;223822.0;77633.0;107688.0;151767.0;44081.0;173912.0;;63973.0;66224.0;86116.0;19892.0;;;;;;;;;;;;;;;;;;;4018770.0;8133675.0;4114891.0;4326747.0;7818403.0;3491669.0;2435564.0;4723402.0;2287839.0;1350790.0;2268569.0;917789.0;540393.0;826432.0;286041.0;3961831.0;7303275.0;3341456.0;364916.0;515128.0;150213.0;44815.0;53423.0;8607.0;8345517.0;15952078.0;1.5640542507;;;
;KP;1973;p0p100;141728.484375;69865.2109375;7421783.0;1.08943271526e+12;1290900.0;2629590.0;1338640.0;993887.0;2013732.0;1019809.0;876655.0;1765406.0;888723.0;;;;750258.0;1497864.0;747586.0;503695.0;979941.0;476239.0;1198761.0;;1142629.0;695066.0;1361465.0;666390.0;668439.0;1305307.0;636858.0;1242701.0;;1133706.0;574262.0;1071103.0;496848.0;436852.0;738706.0;301884.0;791417.0;;521320.0;354565.0;573971.0;219436.0;283137.0;470106.0;186992.0;500219.0;;354819.0;217082.0;384900.0;167827.0;172481.0;301433.0;128962.0;315621.0;;203755.0;143140.0;217917.0;74793.0;103701.0;146382.0;42696.0;167932.0;;62171.0;64231.0;83695.0;19475.0;;;;;;;;;;;;;;;;;;;3911700.0;7906592.0;3994758.0;4259870.0;7686759.0;3427025.0;2441462.0;4717816.0;2276335.0;1291636.0;2167683.0;876139.0;526772.0;801260.0;274551.0;3905579.0;7186932.0;3281436.0;354291.0;499827.0;145589.0;43219.0;51833.0;8625.0;8171570.0;15593351.0;1.5640542507;;;
;KP;1972;p0p100;130229.140625;64888.2109375;7223368.0;9.868050432e+11;1331234.0;2709401.0;1378048.0;905155.0;1830513.0;925284.0;915444.0;1841972.0;926459.0;;;;629188.0;1248433.0;619212.0;562811.0;1096364.0;533537.0;1253465.0;;1196952.0;690654.0;1354097.0;663415.0;659528.0;1283825.0;624277.0;1200778.0;;1073264.0;541250.0;990208.0;448987.0;418663.0;698759.0;280164.0;758822.0;;491231.0;340159.0;551159.0;211067.0;269798.0;453658.0;183901.0;477194.0;;350971.0;207396.0;374453.0;167070.0;170547.0;291587.0;121063.0;310016.0;;193779.0;139469.0;212147.0;72716.0;99857.0;140933.0;41109.0;162471.0;;59953.0;62614.0;81432.0;18844.0;;;;;;;;;;;;;;;;;;;3781021.0;7630319.0;3849003.0;4203376.0;7577452.0;3374365.0;2454243.0;4724494.0;2270216.0;1236016.0;2078029.0;842202.0;513117.0;774929.0;261947.0;3860806.0;7094110.0;3233481.0;342570.0;483342.0;140884.0;40630.0;48830.0;8215.0;7984397.0;15207771.0;1.5640542507;;;
;KP;1971;p0p100;119181.023438;60356.1171875;7018535.0;8.9384517632e+11;1304088.0;2652373.0;1348158.0;857319.0;1731142.0;873751.0;933178.0;1875953.0;942703.0;;;;533178.0;1050158.0;516952.0;623702.0;1217526.0;593801.0;1310032.0;;1254120.0;686330.0;1346679.0;660319.0;649055.0;1257213.0;608139.0;1160878.0;;1013678.0;511823.0;917323.0;405539.0;403825.0;667118.0;263363.0;731567.0;;468938.0;327742.0;533252.0;205575.0;258418.0;441097.0;182715.0;458864.0;;349410.0;200446.0;367132.0;166695.0;169729.0;284057.0;114358.0;306010.0;;185508.0;136281.0;207394.0;71150.0;96993.0;136633.0;39674.0;158359.0;;57769.0;61366.0;79436.0;18095.0;;;;;;;;;;;;;;;;;;;3627763.0;7309626.0;3681564.0;4163220.0;7499895.0;3336971.0;2470910.0;4738741.0;2267798.0;1190431.0;2008599.0;818348.0;501879.0;752555.0;250825.0;3831070.0;7031397.0;3200504.0;332150.0;468498.0;136467.0;37510.0;45035.0;7548.0;7790983.0;14809521.0;1.5640542507;;;
;KP;1970;p0p100;108505.976562;56184.5898438;6813288.0;8.09642426368e+11;1190788.0;2421183.0;1230393.0;854312.0;1724045.0;869732.0;920410.0;1848674.0;928265.0;;;;487681.0;954767.0;467086.0;672010.0;1314982.0;642972.0;1362318.0;;1308141.0;690308.0;1355479.0;665169.0;638240.0;1227551.0;589311.0;1128495.0;;961088.0;490255.0;862032.0;371777.0;392758.0;643902.0;251143.0;711147.0;;454638.0;318389.0;521884.0;203495.0;250199.0;434672.0;184473.0;447418.0;;351182.0;197219.0;363929.0;166709.0;170047.0;280243.0;110197.0;304454.0;;180153.0;134407.0;204364.0;69956.0;95545.0;134118.0;38574.0;155840.0;;55855.0;60295.0;77576.0;17281.0;;;;;;;;;;;;;;;;;;;3453191.0;6948669.0;3495476.0;4143912.0;7461731.0;3317812.0;2490813.0;4760044.0;2269229.0;1158565.0;1964387.0;805820.0;494534.0;737300.0;242763.0;3819425.0;7004674.0;3185246.0;324487.0;457057.0;132566.0;34240.0;40999.0;6755.0;7597103.0;14410400.0;1.5640542507;;;
;KP;1969;p0p100;100695.507812;52599.7421875;6607588.0;7.3694019584e+11;1108895.0;2252315.0;1143398.0;888265.0;1791468.0;903186.0;856551.0;1716138.0;859573.0;;;;478289.0;931917.0;453623.0;699185.0;1369756.0;670566.0;1386949.0;;1331918.0;687764.0;1349124.0;661352.0;616095.0;1171742.0;555647.0;1083370.0;;895010.0;467275.0;806627.0;339363.0;378306.0;616868.0;238578.0;684120.0;;438662.0;305814.0;505888.0;200084.0;239565.0;423691.0;184129.0;432232.0;;345409.0;192667.0;353946.0;161280.0;167881.0;273059.0;105185.0;299036.0;;173771.0;131155.0;199733.0;68586.0;92826.0;130903.0;38083.0;151141.0;;55516.0;58315.0;75743.0;17433.0;;;;;;;;;;;;;;;;;;;3332000.0;6691838.0;3359780.0;4070751.0;7318501.0;3247808.0;2470319.0;4697249.0;2226928.0;1116352.0;1900393.0;784071.0;484080.0;720859.0;236809.0;3754552.0;6870701.0;3116184.0;316199.0;447800.0;131624.0;33903.0;41421.0;7522.0;7402751.0;14010339.0;;;;
;KP;1968;p0p100;88051.359375;46542.421875;6401762.0;6.33441550336e+11;976452.0;1981482.0;1005067.0;954169.0;1924608.0;970475.0;753337.0;1503871.0;750554.0;;;;516670.0;1006020.0;489360.0;715019.0;1403212.0;688208.0;1403941.0;;1349138.0;688922.0;1349839.0;660930.0;592130.0;1109542.0;517410.0;1042962.0;;832999.0;450832.0;766444.0;315589.0;367007.0;597609.0;230575.0;662177.0;;429457.0;295170.0;494070.0;198882.0;231023.0;416995.0;185966.0;422499.0;;341118.0;191476.0;346630.0;155152.0;166450.0;269239.0;102777.0;294968.0;;170505.0;128518.0;196261.0;67728.0;91465.0;129309.0;37829.0;147740.0;;55224.0;56275.0;73679.0;17395.0;;;;;;;;;;;;;;;;;;;3200628.0;6415981.0;3215456.0;4007586.0;7194001.0;3186306.0;2446903.0;4629037.0;2182137.0;1084676.0;1855304.0;770575.0;476007.0;709660.0;233594.0;3698029.0;6753580.0;3055489.0;309557.0;440421.0;130817.0;33299.0;41172.0;7865.0;7208214.0;13609982.0;;;;
;KP;1967;p0p100;78851.96875;42146.0546875;6202697.0;5.5728439296e+11;846372.0;1715720.0;869476.0;1003517.0;2024355.0;1020976.0;640715.0;1272266.0;631619.0;;;;585735.0;1142877.0;557183.0;721170.0;1418012.0;696902.0;1411096.0;;1356020.0;689926.0;1348993.0;659118.0;566388.0;1042165.0;475751.0;1004776.0;;773768.0;438388.0;736498.0;298017.0;357248.0;583042.0;225700.0;642689.0;;424757.0;285441.0;484550.0;199057.0;224054.0;412662.0;188600.0;416536.0;;337222.0;192482.0;341125.0;148622.0;165164.0;267358.0;102149.0;291245.0;;169093.0;126081.0;193070.0;66944.0;91065.0;128736.0;37629.0;145084.0;;54710.0;54019.0;71132.0;17081.0;;;;;;;;;;;;;;;;;;;3076339.0;6155218.0;3079254.0;3943667.0;7067476.0;3123443.0;2415872.0;4545668.0;2129788.0;1059225.0;1821379.0;761979.0;468570.0;700429.0;231676.0;3640261.0;6634405.0;2993916.0;303406.0;433071.0;129527.0;32241.0;40133.0;7873.0;7020006.0;13222694.0;;;;
;KP;1966;p0p100;74945.984375;40069.9257812;6018837.0;5.15497754624e+11;798497.0;1616499.0;818138.0;998942.0;2012983.0;1014199.0;550059.0;1084445.0;534446.0;;;;650986.0;1272770.0;621842.0;719038.0;1415248.0;696284.0;1400140.0;;1340714.0;681102.0;1325480.0;644430.0;537170.0;968629.0;431411.0;961095.0;;712558.0;423925.0;705179.0;281147.0;345184.0;565978.0;220697.0;619276.0;;419142.0;274092.0;472585.0;198445.0;217079.0;405729.0;188648.0;409779.0;;330287.0;192700.0;334372.0;141639.0;162585.0;263867.0;101234.0;285502.0;;166727.0;122917.0;188460.0;65493.0;90192.0;127179.0;36936.0;141571.0;;53291.0;51379.0;67769.0;16355.0;;;;;;;;;;;;;;;;;;;2998484.0;5986697.0;2988625.0;3847626.0;6878257.0;3030212.0;2361235.0;4414536.0;2053272.0;1029055.0;1778664.0;749429.0;457336.0;685057.0;227511.0;3552875.0;6457067.0;2903935.0;294751.0;421190.0;126277.0;30263.0;37782.0;7493.0;6846110.0;12864954.0;;;;
;KP;1965;p0p100;69437.9609375;36483.4296875;5855746.0;4.57776758784e+11;873057.0;1764990.0;891933.0;933337.0;1875040.0;941700.0;495632.0;969469.0;473837.0;;;;687769.0;1345425.0;657656.0;709296.0;1394898.0;685601.0;1366008.0;;1295875.0;656712.0;1266986.0;610274.0;504351.0;890969.0;386616.0;908324.0;;648554.0;403973.0;665910.0;261938.0;328654.0;542112.0;213459.0;588552.0;;409033.0;259898.0;455471.0;195574.0;209307.0;393221.0;183914.0;399302.0;;318277.0;189995.0;324357.0;134363.0;157829.0;256387.0;98558.0;276526.0;;161563.0;118697.0;181702.0;63005.0;87710.0;123075.0;35364.0;136064.0;;50577.0;48354.0;63567.0;15213.0;;;;;;;;;;;;;;;;;;;2989795.0;5954924.0;2965126.0;3701983.0;6592601.0;2890620.0;2274332.0;4218763.0;1944429.0;987854.0;1715161.0;727310.0;439797.0;658677.0;218881.0;3420015.0;6190311.0;2770297.0;281968.0;402290.0;120323.0;27207.0;33946.0;6741.0;6691778.0;12547525.0;;;;
;KP;1964;p0p100;67006.4609375;35027.8515625;5719678.0;4.30226767872e+11;901176.0;1821092.0;919927.0;834338.0;1671892.0;837565.0;493566.0;961441.0;467877.0;;;;718448.0;1407318.0;688876.0;710222.0;1395278.0;685064.0;1347495.0;;1263739.0;637273.0;1215946.0;578675.0;483243.0;838289.0;355039.0;874429.0;;605478.0;391186.0;641633.0;250439.0;317176.0;528355.0;211174.0;567394.0;;408022.0;250218.0;447070.0;196848.0;206045.0;385638.0;179593.0;394459.0;;309139.0;188414.0;317963.0;129546.0;154947.0;251898.0;96947.0;272005.0;;159724.0;117058.0;179838.0;62777.0;85325.0;120909.0;35580.0;132213.0;;51416.0;46888.0;62727.0;15836.0;;;;;;;;;;;;;;;;;;;2947528.0;5861743.0;2914245.0;3615211.0;6420676.0;2805433.0;2221924.0;4091146.0;1869217.0;961853.0;1679026.0;717161.0;431434.0;650504.0;219055.0;3338724.0;6022070.0;2683325.0;276487.0;398606.0;122108.0;27216.0;35132.0;7915.0;6562739.0;12282419.0;;;;
;KP;1963;p0p100;63878.5117188;32818.9023438;5608515.0;3.95975426048e+11;992074.0;2004083.0;1011938.0;700189.0;1396103.0;695872.0;534103.0;1039175.0;505053.0;;;;728068.0;1427224.0;699124.0;705500.0;1382963.0;677432.0;1312938.0;;1210914.0;607438.0;1140924.0;533482.0;462330.0;789241.0;326946.0;838624.0;;566707.0;376294.0;616012.0;239761.0;303394.0;511210.0;207843.0;542649.0;;405018.0;239255.0;436425.0;197175.0;203353.0;374828.0;171476.0;388587.0;;297131.0;185234.0;310872.0;125655.0;150812.0;245629.0;94833.0;266155.0;;157049.0;115343.0;177541.0;62216.0;81720.0;116835.0;35133.0;127565.0;;51435.0;45845.0;62136.0;16302.0;;;;;;;;;;;;;;;;;;;2954434.0;5866585.0;2911987.0;3502519.0;6198883.0;2696528.0;2151562.0;3929140.0;1777621.0;931236.0;1633335.0;702149.0;419721.0;636408.0;216758.0;3233610.0;5808104.0;2574603.0;268909.0;390779.0;121925.0;26001.0;34267.0;8274.0;6456953.0;12065468.0;;;;
;KP;1962;p0p100;61217.0039062;30730.3261719;5509271.0;3.64821577728e+11;1082427.0;2185175.0;1102532.0;582942.0;1154052.0;571023.0;592813.0;1153740.0;560866.0;;;;723788.0;1419264.0;695389.0;696554.0;1360601.0;663967.0;1269352.0;;1146214.0;572798.0;1055025.0;482247.0;443099.0;746578.0;303586.0;803984.0;;534355.0;360885.0;591548.0;230769.0;289037.0;493527.0;204550.0;517647.0;;401214.0;228610.0;425270.0;196664.0;201463.0;363116.0;161669.0;382956.0;;284717.0;181493.0;304495.0;123048.0;146266.0;238929.0;92710.0;259895.0;;154102.0;113629.0;174973.0;61392.0;77705.0;111897.0;34235.0;122871.0;;50880.0;45166.0;61781.0;16645.0;;;;;;;;;;;;;;;;;;;2981970.0;5912231.0;2929810.0;3380485.0;5959481.0;2579461.0;2073336.0;3753752.0;1680569.0;900603.0;1586408.0;685931.0;406546.0;619321.0;212961.0;3120205.0;5579089.0;2459210.0;260280.0;380392.0;120251.0;23780.0;31741.0;7979.0;6362455.0;11871712.0;;;;
;KP;1961;p0p100;61793.0390625;30566.078125;5403446.0;3.56571480064e+11;1088608.0;2196158.0;1107311.0;516314.0;1014799.0;498411.0;650445.0;1267335.0;616810.0;;;;722220.0;1416888.0;694566.0;688076.0;1337467.0;649312.0;1231562.0;;1086747.0;543486.0;980877.0;437435.0;428525.0;714950.0;286543.0;777039.0;;512207.0;348514.0;574072.0;225664.0;277486.0;481452.0;204017.0;498861.0;;400566.0;221375.0;417931.0;196549.0;201460.0;355510.0;154080.0;380791.0;;276453.0;179331.0;301659.0;122373.0;143256.0;235020.0;91808.0;255732.0;;152687.0;112476.0;173303.0;60879.0;74722.0;108150.0;33472.0;119433.0;;50354.0;44711.0;61562.0;16882.0;;;;;;;;;;;;;;;;;;;2977587.0;5895180.0;2917098.0;3284559.0;5770415.0;2486348.0;2008601.0;3607366.0;1598954.0;879652.0;1556552.0;677019.0;396306.0;606497.0;210375.0;3031509.0;5398938.0;2367781.0;253050.0;371477.0;118567.0;21141.0;28462.0;7334.0;6262146.0;11665595.0;;;;
;KP;1960;p0p100;60297.8203125;29937.1425781;5279176.0;3.42007185408e+11;965099.0;1945589.0;980491.0;505809.0;989690.0;483881.0;704211.0;1375380.0;671168.0;;;;733966.0;1441551.0;707586.0;683258.0;1319709.0;636451.0;1208597.0;;1042216.0;525339.0;931102.0;405765.0;420197.0;696544.0;276347.0;761407.0;;502117.0;341210.0;566980.0;225770.0;270644.0;478664.0;208020.0;490063.0;;405826.0;219419.0;417224.0;197806.0;204180.0;355319.0;151140.0;384168.0;;275142.0;179988.0;303989.0;124002.0;143039.0;235895.0;92858.0;255353.0;;153947.0;112314.0;173402.0;61089.0;73579.0;106825.0;33247.0;117755.0;;50204.0;44176.0;61132.0;16957.0;;;;;;;;;;;;;;;;;;;2909085.0;5752210.0;2843126.0;3235928.0;5671966.0;2436050.0;1970004.0;3514335.0;1544333.0;874231.0;1555196.0;680968.0;391693.0;602435.0;210749.0;2987274.0;5305426.0;2318159.0;248654.0;366540.0;117891.0;18585.0;25181.0;6598.0;6145013.0;11424176.0;;;;
;KP;1959;p0p100;61398.9140625;30090.6992188;5135341.0;3.3536540672e+11;888467.0;1786429.0;897880.0;530670.0;1034956.0;504256.0;730417.0;1427756.0;697295.0;;;;731324.0;1433937.0;702567.0;660137.0;1259715.0;599557.0;1161425.0;;970009.0;501288.0;871707.0;370452.0;405234.0;667785.0;262599.0;733293.0;;484709.0;328059.0;550134.0;222110.0;259442.0;467625.0;208190.0;474756.0;;400552.0;215314.0;407682.0;192362.0;202163.0;347772.0;145628.0;377862.0;;266869.0;175699.0;296923.0;121241.0;140444.0;231669.0;91242.0;249876.0;;151828.0;109432.0;169997.0;60586.0;71139.0;104888.0;33765.0;113519.0;;51701.0;42380.0;60306.0;17936.0;;;;;;;;;;;;;;;;;;;2880878.0;5683078.0;2801998.0;3128933.0;5462074.0;2333343.0;1894718.0;3349341.0;1454718.0;852618.0;1520002.0;667421.0;381597.0;592731.0;211204.0;2887780.0;5101012.0;2213381.0;241153.0;361062.0;119962.0;18202.0;25871.0;7675.0;6009811.0;11145152.0;;;;
;KP;1958;p0p100;60890.6015625;29706.9394531;4980151.0;3.22141421568e+11;759149.0;1521167.0;761952.0;586137.0;1142081.0;555911.0;744032.0;1456047.0;711968.0;;;;732831.0;1434189.0;701313.0;635116.0;1193086.0;557959.0;1119254.0;;902543.0;484138.0;828684.0;344584.0;393456.0;647282.0;253870.0;710252.0;;474722.0;316796.0;537621.0;220852.0;250295.0;460935.0;210641.0;464863.0;;396357.0;214568.0;400287.0;185716.0;200930.0;343977.0;143063.0;373290.0;;262737.0;172360.0;292018.0;119674.0;139765.0;230647.0;90899.0;246061.0;;151177.0;106296.0;166556.0;60278.0;70243.0;105128.0;34898.0;110015.0;;53160.0;39772.0;58025.0;18262.0;;;;;;;;;;;;;;;;;;;2822149.0;5553484.0;2731144.0;3041677.0;5290495.0;2249007.0;1829506.0;3206673.0;1377265.0;838153.0;1497217.0;659094.0;374018.0;586605.0;212648.0;2807424.0;4934537.0;2127258.0;234253.0;355958.0;121749.0;17942.0;26249.0;8311.0;5863826.0;10843979.0;;;;
