Variable Name;.;.;.;Fiscal income  | individuals | Average | Adults | constant 2015 local currency;Fiscal income  | tax unit | Average | Adults | constant 2015 local currency;Pre-tax national income  | individuals | Average | Adults | constant 2015 local currency;Pre-tax national income  | tax unit | Average | Adults | constant 2015 local currency;Fiscal income  | individuals | Beta coefficient | Adults | constant 2015 local currency;Pre-tax national income  | individuals | Beta coefficient | Adults | constant 2015 local currency;Pre-tax national income  | individuals | Threshold | Adults | constant 2015 local currency;Fiscal income  | individuals | Total | All Ages | constant 2015 local currency;Pre-tax national income  | individuals | Total | All Ages | constant 2015 local currency;Fiscal income  | individuals | Share | Adults | share of total (ratio);Fiscal income  | tax unit | Share | Adults | share of total (ratio);Pre-tax national income  | individuals | Share | Adults | share of total (ratio);Pre-tax national income  | tax unit | Share | Adults | share of total (ratio);Fiscal income  | individuals | Threshold | Adults | constant 2015 local currency
Variable Category;.;.;.;Income inequality;Income inequality;Income inequality;Income inequality;Income inequality;Income inequality;Income inequality;Income inequality;Income inequality;Income inequality;Income inequality;Income inequality;Income inequality;Income inequality
Variable Description;.;.;.;Average Fiscal income within a given percentile group. Fiscal income is defined as the sum of all income items reported on income tax returns, before any deduction. It includes labour income, capital income and mixed income. The concept of fiscal income varies with national tax legislations, so in order to make international comparisons it is preferable to use the concept of national income. The population is comprised of individuals over age 20. The base unit is the individual (rather than the household). This is equivalent to assuming no sharing of resources within couples.;Average Fiscal income within a given percentile group. Fiscal income is defined as the sum of all income items reported on income tax returns, before any deduction. It includes labour income, capital income and mixed income. The concept of fiscal income varies with national tax legislations, so in order to make international comparisons it is preferable to use the concept of national income. The population is comprised of individuals over age 20. The base unit is the tax unit defined by national fiscal administrations to measure personal income taxes.;Average Pre-tax national income within a given percentile group. Pre-tax national income  is the sum of all pre-tax personal income flows accruing to the owners of the production factors, labor and capital, before taking into account the operation of the tax/transfer system, but after taking into account the operation of pension system. The central difference between personal factor income and pre-tax income is the treatment of pensions, which are counted on a contribution basis by factor income and on a distribution basis by pre-tax income. The population is comprised of individuals over age 20. The base unit is the individual (rather than the household). This is equivalent to assuming no sharing of resources within couples.;Average Pre-tax national income within a given percentile group. Pre-tax national income  is the sum of all pre-tax personal income flows accruing to the owners of the production factors, labor and capital, before taking into account the operation of the tax/transfer system, but after taking into account the operation of pension system. The central difference between personal factor income and pre-tax income is the treatment of pensions, which are counted on a contribution basis by factor income and on a distribution basis by pre-tax income. The population is comprised of individuals over age 20. The base unit is the tax unit defined by national fiscal administrations to measure personal income taxes.;The beta coefficient corresponds to the inverted Pareto-Lorenz coefficient. It is equal to mean income over percentile <percentile>. A coefficient b=2=200% for an income level 100 000 EUR means that the average income above 100 000 EUR is 200 000 EUR, a coefficient of 3 or 300% at income level 1 000 000 EUR means that the average income level above 1 000 000 EUR in a given population is 3 000 000 EUR.;The beta coefficient corresponds to the inverted Pareto-Lorenz coefficient. It is equal to mean income over percentile <percentile>. A coefficient b=2=200% for an income level 100 000 EUR means that the average income above 100 000 EUR is 200 000 EUR, a coefficient of 3 or 300% at income level 1 000 000 EUR means that the average income level above 1 000 000 EUR in a given population is 3 000 000 EUR.;Pre-tax national income threshold value at a given percentile.  Pre-tax national income  is the sum of all pre-tax personal income flows accruing to the owners of the production factors, labor and capital, before taking into account the operation of the tax/transfer system, but after taking into account the operation of pension system. The central difference between personal factor income and pre-tax income is the treatment of pensions, which are counted on a contribution basis by factor income and on a distribution basis by pre-tax income. The population is comprised of individuals over age 20. The base unit is the individual (rather than the household). This is equivalent to assuming no sharing of resources within couples.;Total Fiscal income  within a given percentile group. Fiscal income is defined as the sum of all income items reported on income tax returns, before any deduction. It includes labour income, capital income and mixed income. The concept of fiscal income varies with national tax legislations, so in order to make international comparisons it is preferable to use the concept of national income. The population is comprised of individuals of all ages.;Total Pre-tax national income  within a given percentile group. Pre-tax national income  is the sum of all pre-tax personal income flows accruing to the owners of the production factors, labor and capital, before taking into account the operation of the tax/transfer system, but after taking into account the operation of pension system. The central difference between personal factor income and pre-tax income is the treatment of pensions, which are counted on a contribution basis by factor income and on a distribution basis by pre-tax income. The population is comprised of individuals of all ages.;Fiscal income share held by a given percentile group. Fiscal income is defined as the sum of all income items reported on income tax returns, before any deduction. It includes labour income, capital income and mixed income. The concept of fiscal income varies with national tax legislations, so in order to make international comparisons it is preferable to use the concept of national income. The population is comprised of individuals over age 20. The base unit is the individual (rather than the household). This is equivalent to assuming no sharing of resources within couples.;Fiscal income share held by a given percentile group. Fiscal income is defined as the sum of all income items reported on income tax returns, before any deduction. It includes labour income, capital income and mixed income. The concept of fiscal income varies with national tax legislations, so in order to make international comparisons it is preferable to use the concept of national income. The population is comprised of individuals over age 20. The base unit is the tax unit defined by national fiscal administrations to measure personal income taxes.;Pre-tax national income share held by a given percentile group. Pre-tax national income  is the sum of all pre-tax personal income flows accruing to the owners of the production factors, labor and capital, before taking into account the operation of the tax/transfer system, but after taking into account the operation of pension system. The central difference between personal factor income and pre-tax income is the treatment of pensions, which are counted on a contribution basis by factor income and on a distribution basis by pre-tax income. The population is comprised of individuals over age 20. The base unit is the individual (rather than the household). This is equivalent to assuming no sharing of resources within couples.;Pre-tax national income share held by a given percentile group. Pre-tax national income  is the sum of all pre-tax personal income flows accruing to the owners of the production factors, labor and capital, before taking into account the operation of the tax/transfer system, but after taking into account the operation of pension system. The central difference between personal factor income and pre-tax income is the treatment of pensions, which are counted on a contribution basis by factor income and on a distribution basis by pre-tax income. The population is comprised of individuals over age 20. The base unit is the tax unit defined by national fiscal administrations to measure personal income taxes.;Fiscal income threshold value at a given percentile.  Fiscal income is defined as the sum of all income items reported on income tax returns, before any deduction. It includes labour income, capital income and mixed income. The concept of fiscal income varies with national tax legislations, so in order to make international comparisons it is preferable to use the concept of national income. The population is comprised of individuals over age 20. The base unit is the individual (rather than the household). This is equivalent to assuming no sharing of resources within couples.
Variable Decomposition;.;.;.;[Fiscal income ]=[Fiscal labour income ]+[Fiscal capital income ];[Fiscal income ]=[Fiscal labour income ]+[Fiscal capital income ];Pre-tax national income =Pre-tax labor income [total pre-tax income ranking]+Pre-tax capital income [total pre-tax income ranking];Pre-tax national income =Pre-tax labor income [total pre-tax income ranking]+Pre-tax capital income [total pre-tax income ranking];[Fiscal income ]=[Fiscal labour income ]+[Fiscal capital income ];Pre-tax national income =Pre-tax labor income [total pre-tax income ranking]+Pre-tax capital income [total pre-tax income ranking];Pre-tax national income =Pre-tax labor income [total pre-tax income ranking]+Pre-tax capital income [total pre-tax income ranking];[Fiscal income ]=[Fiscal labour income ]+[Fiscal capital income ];Pre-tax national income =Pre-tax labor income [total pre-tax income ranking]+Pre-tax capital income [total pre-tax income ranking];[Fiscal income ]=[Fiscal labour income ]+[Fiscal capital income ];[Fiscal income ]=[Fiscal labour income ]+[Fiscal capital income ];Pre-tax national income =Pre-tax labor income [total pre-tax income ranking]+Pre-tax capital income [total pre-tax income ranking];Pre-tax national income =Pre-tax labor income [total pre-tax income ranking]+Pre-tax capital income [total pre-tax income ranking];[Fiscal income ]=[Fiscal labour income ]+[Fiscal capital income ]
Variable Unit;.;.;.;"NZD; New Zealand dollar | local currency | market";"NZD; New Zealand dollar | local currency | market";"NZD; New Zealand dollar | local currency | market";"NZD; New Zealand dollar | local currency | market";;;"NZD; New Zealand dollar | local currency | market";"NZD; New Zealand dollar | local currency | market";"NZD; New Zealand dollar | local currency | market";share;share;share;share;"NZD; New Zealand dollar | local currency | market"
Methodological Notes;.;.;.;"Adults are individuals aged 15+ until 1999, and total individual taxpayers from 2000. Excludes capital gains. The series includes transfers. The series are presented in two distinct columns, following the change in the definition of the tax unit between 1952 and 1953. Tax units are: individuals aged 15+ minus married women until 1952; individuals aged 15+ from 1953 to 1999; individual taxpayers from 2000. Excludes capital gains.";"Adults are individuals aged 15+ until 1999, and total individual taxpayers from 2000. Excludes capital gains. The series includes transfers. The series are presented in two distinct columns, following the change in the definition of the tax unit between 1952 and 1953. Tax units are: individuals aged 15+ minus married women until 1952; individuals aged 15+ from 1953 to 1999; individual taxpayers from 2000. Excludes capital gains.";Fiscal income rescaled to match the macroeconomic aggregates.;Fiscal income rescaled to match the macroeconomic aggregates.;"Adults are individuals aged 15+ until 1999, and total individual taxpayers from 2000. Excludes capital gains. The series includes transfers. The series are presented in two distinct columns, following the change in the definition of the tax unit between 1952 and 1953. Tax units are: individuals aged 15+ minus married women until 1952; individuals aged 15+ from 1953 to 1999; individual taxpayers from 2000. Excludes capital gains.";Fiscal income rescaled to match the macroeconomic aggregates.;Fiscal income rescaled to match the macroeconomic aggregates.;"Adults are individuals aged 15+ until 1999, and total individual taxpayers from 2000. Excludes capital gains. The series includes transfers. The series are presented in two distinct columns, following the change in the definition of the tax unit between 1952 and 1953. Tax units are: individuals aged 15+ minus married women until 1952; individuals aged 15+ from 1953 to 1999; individual taxpayers from 2000. Excludes capital gains.";Fiscal income rescaled to match the macroeconomic aggregates.;"Adults are individuals aged 15+ until 1999, and total individual taxpayers from 2000. Excludes capital gains. The series includes transfers. The series are presented in two distinct columns, following the change in the definition of the tax unit between 1952 and 1953. Tax units are: individuals aged 15+ minus married women until 1952; individuals aged 15+ from 1953 to 1999; individual taxpayers from 2000. Excludes capital gains.";"Adults are individuals aged 15+ until 1999, and total individual taxpayers from 2000. Excludes capital gains. The series includes transfers. The series are presented in two distinct columns, following the change in the definition of the tax unit between 1952 and 1953. Tax units are: individuals aged 15+ minus married women until 1952; individuals aged 15+ from 1953 to 1999; individual taxpayers from 2000. Excludes capital gains.";Fiscal income rescaled to match the macroeconomic aggregates.;Fiscal income rescaled to match the macroeconomic aggregates.;"Adults are individuals aged 15+ until 1999, and total individual taxpayers from 2000. Excludes capital gains. The series includes transfers. The series are presented in two distinct columns, following the change in the definition of the tax unit between 1952 and 1953. Tax units are: individuals aged 15+ minus married women until 1952; individuals aged 15+ from 1953 to 1999; individual taxpayers from 2000. Excludes capital gains."
Sources;.;.;.;"Atkinson, Anthony B. and Leigh, Andrew (2007). The Distribution of Top Incomes in New Zealand; in Atkinson, A. B. and Piketty, T. (editors) Top Incomes over the Twentieth Century. A Contrast Between Continental European and English-Speaking Countries, Oxford University Press, chapter 8. Atkinson, Anthony B. and Leigh, Andrew (2008). Top Incomes in New Zealand 1921-2005: Understanding the Effects of Marginal Tax Rates, Migration Threat and the Macroeconomy. Review of Income and Wealth, 54(2): 149-165. Atkinson, Anthony B. (2012). Update and Extension of New Zealand Estimates of Top Shares, WID.world Technical Note 2012/1. Alvaredo, Facundo and Atkinson, Anthony B. (2013).  New Zealand: Estimates of Top Shares for 2010/2011, and Revision for 1999/2000-2009/2010, WID.world Technical Note 2013/2. Alvaredo, Facundo and Atkinson, Anthony B. (2014).  New Zealand: Estimates of Top Shares for 2011/2012, and Revision for 2010/2011, WID.world Technical Note 2014/3. Alvaredo, Facundo (2017). New Zealand: Estimates of top shares of fiscal income for 2014, and revision for 2013 and 2012, WID.world Technical Note 2017/1. Series updated by Facundo Alvaredo.";"Atkinson, Anthony B. and Leigh, Andrew (2007). The Distribution of Top Incomes in New Zealand; in Atkinson, A. B. and Piketty, T. (editors) Top Incomes over the Twentieth Century. A Contrast Between Continental European and English-Speaking Countries, Oxford University Press, chapter 8. Atkinson, Anthony B. and Leigh, Andrew (2008). Top Incomes in New Zealand 1921-2005: Understanding the Effects of Marginal Tax Rates, Migration Threat and the Macroeconomy. Review of Income and Wealth, 54(2): 149-165. Atkinson, Anthony B. (2012). Update and Extension of New Zealand Estimates of Top Shares, WID.world Technical Note 2012/1. Alvaredo, Facundo and Atkinson, Anthony B. (2013).  New Zealand: Estimates of Top Shares for 2010/2011, and Revision for 1999/2000-2009/2010, WID.world Technical Note 2013/2. Alvaredo, Facundo and Atkinson, Anthony B. (2014).  New Zealand: Estimates of Top Shares for 2011/2012, and Revision for 2010/2011, WID.world Technical Note 2014/3. Alvaredo, Facundo (2017). New Zealand: Estimates of top shares of fiscal income for 2014, and revision for 2013 and 2012, WID.world Technical Note 2017/1. Series updated by Facundo Alvaredo.";WID.world computations using fiscal and net national income.;WID.world computations using fiscal and net national income.;"Atkinson, Anthony B. and Leigh, Andrew (2007). The Distribution of Top Incomes in New Zealand; in Atkinson, A. B. and Piketty, T. (editors) Top Incomes over the Twentieth Century. A Contrast Between Continental European and English-Speaking Countries, Oxford University Press, chapter 8. Atkinson, Anthony B. and Leigh, Andrew (2008). Top Incomes in New Zealand 1921-2005: Understanding the Effects of Marginal Tax Rates, Migration Threat and the Macroeconomy. Review of Income and Wealth, 54(2): 149-165. Atkinson, Anthony B. (2012). Update and Extension of New Zealand Estimates of Top Shares, WID.world Technical Note 2012/1. Alvaredo, Facundo and Atkinson, Anthony B. (2013).  New Zealand: Estimates of Top Shares for 2010/2011, and Revision for 1999/2000-2009/2010, WID.world Technical Note 2013/2. Alvaredo, Facundo and Atkinson, Anthony B. (2014).  New Zealand: Estimates of Top Shares for 2011/2012, and Revision for 2010/2011, WID.world Technical Note 2014/3. Alvaredo, Facundo (2017). New Zealand: Estimates of top shares of fiscal income for 2014, and revision for 2013 and 2012, WID.world Technical Note 2017/1. Series updated by Facundo Alvaredo.";WID.world computations using fiscal and net national income.;WID.world computations using fiscal and net national income.;"Atkinson, Anthony B. and Leigh, Andrew (2007). The Distribution of Top Incomes in New Zealand; in Atkinson, A. B. and Piketty, T. (editors) Top Incomes over the Twentieth Century. A Contrast Between Continental European and English-Speaking Countries, Oxford University Press, chapter 8. Atkinson, Anthony B. and Leigh, Andrew (2008). Top Incomes in New Zealand 1921-2005: Understanding the Effects of Marginal Tax Rates, Migration Threat and the Macroeconomy. Review of Income and Wealth, 54(2): 149-165. Atkinson, Anthony B. (2012). Update and Extension of New Zealand Estimates of Top Shares, WID.world Technical Note 2012/1. Alvaredo, Facundo and Atkinson, Anthony B. (2013).  New Zealand: Estimates of Top Shares for 2010/2011, and Revision for 1999/2000-2009/2010, WID.world Technical Note 2013/2. Alvaredo, Facundo and Atkinson, Anthony B. (2014).  New Zealand: Estimates of Top Shares for 2011/2012, and Revision for 2010/2011, WID.world Technical Note 2014/3. Alvaredo, Facundo (2017). New Zealand: Estimates of top shares of fiscal income for 2014, and revision for 2013 and 2012, WID.world Technical Note 2017/1. Series updated by Facundo Alvaredo.";WID.world computations using fiscal and net national income.;"Atkinson, Anthony B. and Leigh, Andrew (2007). The Distribution of Top Incomes in New Zealand; in Atkinson, A. B. and Piketty, T. (editors) Top Incomes over the Twentieth Century. A Contrast Between Continental European and English-Speaking Countries, Oxford University Press, chapter 8. Atkinson, Anthony B. and Leigh, Andrew (2008). Top Incomes in New Zealand 1921-2005: Understanding the Effects of Marginal Tax Rates, Migration Threat and the Macroeconomy. Review of Income and Wealth, 54(2): 149-165. Atkinson, Anthony B. (2012). Update and Extension of New Zealand Estimates of Top Shares, WID.world Technical Note 2012/1. Alvaredo, Facundo and Atkinson, Anthony B. (2013).  New Zealand: Estimates of Top Shares for 2010/2011, and Revision for 1999/2000-2009/2010, WID.world Technical Note 2013/2. Alvaredo, Facundo and Atkinson, Anthony B. (2014).  New Zealand: Estimates of Top Shares for 2011/2012, and Revision for 2010/2011, WID.world Technical Note 2014/3. Alvaredo, Facundo (2017). New Zealand: Estimates of top shares of fiscal income for 2014, and revision for 2013 and 2012, WID.world Technical Note 2017/1. Series updated by Facundo Alvaredo.";"Atkinson, Anthony B. and Leigh, Andrew (2007). The Distribution of Top Incomes in New Zealand; in Atkinson, A. B. and Piketty, T. (editors) Top Incomes over the Twentieth Century. A Contrast Between Continental European and English-Speaking Countries, Oxford University Press, chapter 8. Atkinson, Anthony B. and Leigh, Andrew (2008). Top Incomes in New Zealand 1921-2005: Understanding the Effects of Marginal Tax Rates, Migration Threat and the Macroeconomy. Review of Income and Wealth, 54(2): 149-165. Atkinson, Anthony B. (2012). Update and Extension of New Zealand Estimates of Top Shares, WID.world Technical Note 2012/1. Alvaredo, Facundo and Atkinson, Anthony B. (2013).  New Zealand: Estimates of Top Shares for 2010/2011, and Revision for 1999/2000-2009/2010, WID.world Technical Note 2013/2. Alvaredo, Facundo and Atkinson, Anthony B. (2014).  New Zealand: Estimates of Top Shares for 2011/2012, and Revision for 2010/2011, WID.world Technical Note 2014/3. Alvaredo, Facundo (2017). New Zealand: Estimates of top shares of fiscal income for 2014, and revision for 2013 and 2012, WID.world Technical Note 2017/1. Series updated by Facundo Alvaredo.";WID.world computations using fiscal and net national income.;WID.world computations using fiscal and net national income.;"Atkinson, Anthony B. and Leigh, Andrew (2007). The Distribution of Top Incomes in New Zealand; in Atkinson, A. B. and Piketty, T. (editors) Top Incomes over the Twentieth Century. A Contrast Between Continental European and English-Speaking Countries, Oxford University Press, chapter 8. Atkinson, Anthony B. and Leigh, Andrew (2008). Top Incomes in New Zealand 1921-2005: Understanding the Effects of Marginal Tax Rates, Migration Threat and the Macroeconomy. Review of Income and Wealth, 54(2): 149-165. Atkinson, Anthony B. (2012). Update and Extension of New Zealand Estimates of Top Shares, WID.world Technical Note 2012/1. Alvaredo, Facundo and Atkinson, Anthony B. (2013).  New Zealand: Estimates of Top Shares for 2010/2011, and Revision for 1999/2000-2009/2010, WID.world Technical Note 2013/2. Alvaredo, Facundo and Atkinson, Anthony B. (2014).  New Zealand: Estimates of Top Shares for 2011/2012, and Revision for 2010/2011, WID.world Technical Note 2014/3. Alvaredo, Facundo (2017). New Zealand: Estimates of top shares of fiscal income for 2014, and revision for 2013 and 2012, WID.world Technical Note 2017/1. Series updated by Facundo Alvaredo."
Variable Code;country;year;perc;afiinc992i;afiinc992t;aptinc992i;aptinc992t;bfiinc992i;bptinc992i;tptinc992i;mfiinc999i;mptinc999i;sfiinc992i;sfiinc992t;sptinc992i;sptinc992t;tfiinc992i
;NZ;2014;p0p100;47590.53125;47590.53125;63744.7109375;63744.7109375;;;;1.72006457344e+11;2.30392512512e+11;;;;;
;NZ;2014;p99p100;385007.78125;;515695.21875;;1.7227724791;1.7227724791;299340.28125;;;0.0808999985;;0.0808999985;;223481.5
;NZ;2014;p90p100;150100.5;;201050.765625;;1.6805566549;1.6805566549;119633.4375;;;0.3154000044;;0.3154000044;;89315.9453125
;NZ;2014;p90p95;101177.445312;;135521.21875;;;;119633.4375;;;0.1062999964;;0.1062999964;;89315.9453125
;NZ;2014;p95p99;152527.578125;;204301.6875;;;;157987.8125;;;0.1281999946;;0.1281999946;;117950.554688
;NZ;2014;p99p99.5;256037.296875;;342946.875;;;;299340.28125;;;0.0269000009;;0.0269000009;;223481.5
;NZ;2014;p95p100;199023.5625;;266580.3125;;1.6873472929;1.6873474121;157987.8125;;;0.2090999931;;0.2090999931;;117950.554688
;NZ;2014;p99.5p100;513978.21875;;688443.5625;;1.7173044682;1.7173044682;400886.125;;;0.0540000014;;0.0540000014;;299293.59375
;NZ;2013;p0p100;47651.0820312;47651.0820312;62219.8867188;62219.8867188;;;;1.68586674176e+11;2.20130230272e+11;;;;;
;NZ;2013;p99p100;370725.75;;484071.15625;;1.690103054;1.6901031733;286415.15625;;;0.0777999982;;0.0777999982;;219350.96875
;NZ;2013;p90p100;146717.640625;;191574.984375;;1.6778659821;1.6778659821;114177.757812;;;0.3079000115;;0.3079000115;;87443.0
;NZ;2013;p90p95;99304.828125;;129666.210938;;;;114177.757812;;;0.1041999981;;0.1041999981;;87443.0
;NZ;2013;p95p99;149981.6875;;195836.984375;;;;151381.921875;;;0.1259000003;;0.1259000003;;115935.804688
;NZ;2013;p99p99.5;250644.921875;;327276.90625;;;;286415.15625;;;0.0263;;0.0263;;219350.96875
;NZ;2013;p95p100;194130.453125;;253483.75;;1.6744650602;1.6744651794;151381.921875;;;0.203700006;;0.203700006;;115935.804688
;NZ;2013;p99.5p100;490806.59375;;640865.4375;;1.6827894449;1.6827895641;380835.15625;;;0.0515000001;;0.0515000001;;291662.5
;NZ;2012;p0p100;47181.1992188;47181.1992188;60186.8125;60186.8125;;;;1.64718526464e+11;2.10123587584e+11;;;;;
;NZ;2012;p99p100;421800.3125;;538070.625;;1.8817783594;1.8817782402;285937.3125;;;0.0894000009;;0.0894000009;;224149.84375
;NZ;2012;p90p100;151215.703125;;192898.6875;;1.7415834665;1.7415834665;110760.523438;;;0.3204999864;;0.3204999864;;86826.5625
;NZ;2012;p90p95;98325.59375;;125429.289062;;;;110760.523438;;;0.1041999981;;0.1041999981;;86826.5625
;NZ;2012;p95p99;149682.265625;;190942.5625;;;;146326.421875;;;0.1269000024;;0.1269000024;;114707.117188
;NZ;2012;p99p99.5;255722.34375;;326212.84375;;;;285937.3125;;;0.0271000005;;0.0271000005;;224149.84375
;NZ;2012;p95p100;204105.8125;;260368.09375;;1.7793648243;1.7793648243;146326.421875;;;0.2162999958;;0.2162999958;;114707.117188
;NZ;2012;p99.5p100;587878.3125;;749928.4375;;1.9357554913;1.9357556105;387408.625;;;0.0623000003;;0.0623000003;;303694.5
;NZ;2011;p0p100;46002.828125;46002.828125;59428.9375;59428.9375;;;;1.59765528576e+11;2.06393720832e+11;;;;;
;NZ;2011;p99p100;375383.4375;;484940.5625;;1.7701975107;1.7701975107;273947.15625;;;0.0816000029;;0.0816000029;;212057.375
;NZ;2011;p90p100;142332.71875;;183873.078125;;1.6839212179;1.6839210987;109193.40625;;;0.3093999922;;0.3093999922;;84524.5703125
;NZ;2011;p90p95;95317.8359375;;123136.726562;;;;109193.40625;;;0.1036000028;;0.1036000028;;84524.5703125
;NZ;2011;p95p99;142838.703125;;184526.75;;;;142839.265625;;;0.1242000014;;0.1242000014;;110569.203125
;NZ;2011;p99p99.5;241975.109375;;312596.5;;;;273947.15625;;;0.0263;;0.0263;;212057.375
;NZ;2011;p95p100;189347.59375;;244609.4375;;1.7124804258;1.7124804258;142839.265625;;;0.2057999969;;0.2057999969;;110569.203125
;NZ;2011;p99.5p100;508791.78125;;657284.625;;1.7969504595;1.7969504595;365777.84375;;;0.0553000011;;0.0553000011;;283141.78125
;NZ;2010;p0p100;45477.7617188;45477.7617188;58089.1523438;58089.1523438;;;;1.5688916992e+11;2.00395948032e+11;;;;;
;NZ;2010;p99p100;336626.6875;;429976.3125;;1.7482171059;1.7482171059;245951.3125;;;0.0740199983;;0.0740199983;;192554.28125
;NZ;2010;p90p100;132740.453125;;169550.578125;;1.6315808296;1.6315807104;103917.976562;;;0.2918800116;;0.2918800116;;81356.9609375
;NZ;2010;p90p95;91319.3203125;;116642.984375;;;;103917.976562;;;0.1004000008;;0.1004000008;;81356.9609375
;NZ;2010;p95p99;133545.375;;170578.703125;;;;133883.4375;;;0.1174599975;;0.1174599975;;104816.789062
;NZ;2010;p99p99.5;217747.71875;;278131.125;;;;245951.3125;;;0.0239400007;;0.0239400007;;192554.28125
;NZ;2010;p95p100;174161.59375;;222458.15625;;1.6615810394;1.6615809202;133883.4375;;;0.1914799958;;0.1914799958;;104816.789062
;NZ;2010;p99.5p100;455505.6875;;581821.5;;1.779489994;1.779489994;326959.6875;;;0.0500800014;;0.0500800014;;255975.40625
;NZ;2009;p0p100;46002.3476562;46002.3476562;58510.1640625;58510.1640625;;;;1.58402183168e+11;2.01470984192e+11;;;;;
;NZ;2009;p99p100;360525.25;;458550.34375;;1.8101737499;1.8101737499;253318.40625;;;0.0783709809;;0.0783709809;;199166.09375
;NZ;2009;p90p100;136731.546875;;173908.203125;;1.655328393;1.6553282738;105059.640625;;;0.2972274125;;0.2972274125;;82600.859375
;NZ;2009;p90p95;92459.3203125;;117598.570312;;;;105059.640625;;;0.1004941612;;0.1004941612;;82600.859375
;NZ;2009;p95p99;136123.46875;;173134.78125;;;;135127.359375;;;0.1183622554;;0.1183622554;;106240.953125
;NZ;2009;p99p99.5;226642.9375;;288266.0625;;;;253318.40625;;;0.024633823;;0.024633823;;199166.09375
;NZ;2009;p95p100;181003.765625;;230217.828125;;1.70370996;1.70370996;135127.359375;;;0.1967332363;;0.1967332363;;106240.953125
;NZ;2009;p99.5p100;494407.5625;;628834.625;;1.8426331282;1.8426331282;341269.5625;;;0.0537371598;;0.0537371598;;268315.78125
;NZ;2008;p0p100;46416.7070312;46416.7070312;57376.0742188;57376.0742188;;;;1.59903694848e+11;1.97658279936e+11;;;;;
;NZ;2008;p99p100;376277.96875;;465120.3125;;1.8627791405;1.8627791405;249691.609375;;;0.0810651183;;0.0810651183;;201998.171875
;NZ;2008;p90p100;139330.5625;;172227.671875;;1.6728365421;1.6728365421;102955.46875;;;0.300173372;;0.300173372;;83290.0078125
;NZ;2008;p90p95;93203.1640625;;115209.195312;;;;102955.46875;;;0.1003983095;;0.1003983095;;83290.0078125
;NZ;2008;p95p99;137753.046875;;170277.671875;;;;132949.6875;;;0.1187099442;;0.1187099442;;107555.054688
;NZ;2008;p99p99.5;230326.890625;;284708.96875;;;;249691.609375;;;0.02481075;;0.02481075;;201998.171875
;NZ;2008;p95p100;185457.984375;;229246.140625;;1.7243074179;1.7243074179;132949.6875;;;0.19977507;;0.19977507;;107555.054688
;NZ;2008;p99.5p100;522229.0625;;645531.625;;1.9365223646;1.9365222454;333345.84375;;;0.056254372;;0.056254372;;269673.65625
;NZ;2007;p0p100;47001.8203125;47001.8203125;59067.1210938;59067.1210938;;;;1.60988758016e+11;2.02314350592e+11;;;;;
;NZ;2007;p99p100;367794.875;;462207.28125;;1.7997560501;1.7997560501;256816.640625;;;0.0782511234;;0.0782511234;;204358.1875
;NZ;2007;p90p100;138062.640625;;173503.125;;1.673271656;1.673271656;103690.953125;;;0.2937390208;;0.2937390208;;82510.6015625
;NZ;2007;p90p95;92660.6796875;;116446.539062;;;;103690.953125;;;0.0985713974;;0.0985713974;;82510.6015625
;NZ;2007;p95p99;137382.125;;172647.90625;;;;134830.484375;;;0.1169164851;;0.1169164851;;107289.445312
;NZ;2007;p99p99.5;234937.40625;;295245.5;;;;256816.640625;;;0.0249923505;;0.0249923505;;204358.1875
;NZ;2007;p95p100;183464.609375;;230559.71875;;1.7099968195;1.7099969387;134830.484375;;;0.195167616;;0.195167616;;107289.445312
;NZ;2007;p99.5p100;500652.34375;;629169.0625;;1.8006026745;1.8006026745;349421.375;;;0.0532587729;;0.0532587729;;278047.09375
;NZ;2006;p0p100;44950.6953125;44950.6953125;57379.1796875;57379.1796875;;;;1.51334158336e+11;1.93176764416e+11;;;;;
;NZ;2006;p99p100;365885.3125;;467049.46875;;1.8200181723;1.8200180531;256618.03125;;;0.0813969523;;0.0813969523;;201033.875
;NZ;2006;p90p100;136305.015625;;173992.1875;;1.6707752943;1.6707751751;104138.601562;;;0.303232342;;0.303232342;;81581.8984375
;NZ;2006;p90p95;91526.078125;;116832.265625;;;;104138.601562;;;0.1018072143;;0.1018072143;;81581.8984375
;NZ;2006;p95p99;134883.6875;;172177.875;;;;134606.484375;;;0.1200281903;;0.1200281903;;105450.351562
;NZ;2006;p99p99.5;232657.828125;;296985.75;;;;256618.03125;;;0.0258792005;;0.0258792005;;201033.875
;NZ;2006;p95p100;181083.953125;;231152.125;;1.7172437906;1.7172436714;134606.484375;;;0.2014251351;;0.2014251351;;105450.351562
;NZ;2006;p99.5p100;499112.75;;637113.1875;;1.8130393028;1.8130391836;351406.1875;;;0.055517748;;0.055517748;;275290.65625
;NZ;2005;p0p100;42104.5625;42488.984375;57453.9648438;57978.5273438;;;;1.41752172544e+11;1.93428537344e+11;;;;;
;NZ;2005;p99p100;364654.78125;;497591.28125;;1.8520746231;1.8520746231;268666.96875;;;0.0866068676;;0.0866068676;;196889.90625
;NZ;2005;p90p100;133283.5;;181872.578125;;1.6661828756;1.6661827564;109155.234375;;;0.3165536523;;0.3165536523;;79993.3203125
;NZ;2005;p90p95;88960.34375;;121391.21875;;;;109155.234375;;;0.1056421846;;0.1056421846;;79993.3203125
;NZ;2005;p95p99;130844.6875;;178544.6875;;;;141079.25;;;0.1243045852;;0.1243045852;;103388.515625
;NZ;2005;p99p99.5;225618.234375;;307868.34375;;;;268666.96875;;;0.026792584;;0.026792584;;196889.90625
;NZ;2005;p95p100;177606.65625;;242353.921875;;1.7178566456;1.7178566456;141079.25;;;0.2109114528;;0.2109114528;;103388.515625
;NZ;2005;p99.5p100;503691.34375;;687314.1875;;1.8910498619;1.8910499811;363456.40625;;;0.0598142855;;0.0598142855;;266355.40625
;NZ;2004;p0p100;41867.890625;41867.890625;57641.4101562;57641.4101562;;;;1.36752242688e+11;1.88272984064e+11;;;;;
;NZ;2004;p99p100;393807.5625;;542172.625;;2.0442786217;2.0442786217;265214.65625;;;0.0940594822;;0.0940594822;;192638.890625
;NZ;2004;p90p100;135926.40625;;187136.015625;;1.6803363562;1.680336237;111368.195312;;;0.3246555924;;0.3246555924;;80892.3828125
;NZ;2004;p90p95;89007.2890625;;122540.34375;;;;111368.195312;;;0.1062954292;;0.1062954292;;80892.3828125
;NZ;2004;p95p99;130105.101562;;179121.5625;;;;140441.703125;;;0.1243006736;;0.1243006736;;102009.960938
;NZ;2004;p99p99.5;221501.140625;;304950.59375;;;;265214.65625;;;0.0264523644;;0.0264523644;;192638.890625
;NZ;2004;p95p100;182845.53125;;251731.6875;;1.7924282551;1.7924283743;140441.703125;;;0.2183601558;;0.2183601558;;102009.960938
;NZ;2004;p99.5p100;566114.0;;779394.6875;;2.1795499325;2.1795496941;357594.34375;;;0.0676071197;;0.0676071197;;259738.953125
;NZ;2003;p0p100;41316.5703125;41316.5703125;56819.9765625;56819.9765625;;;;1.31861839872e+11;1.81340962816e+11;;;;;
;NZ;2003;p99p100;364182.96875;;500837.0;;1.9027284384;1.9027283192;263220.4375;;;0.0881444439;;0.0881444439;;191400.390625
;NZ;2003;p90p100;131912.03125;;181409.984375;;1.6400963068;1.640096426;110609.34375;;;0.3192715645;;0.3192715645;;80429.4453125
;NZ;2003;p90p95;88171.03125;;121255.84375;;;;110609.34375;;;0.1067017987;;0.1067017987;;80429.4453125
;NZ;2003;p95p99;128520.625;;176746.0;;;;138058.5;;;0.1244253218;;0.1244253218;;100389.054688
;NZ;2003;p99p99.5;220136.1875;;302738.875;;;;263220.4375;;;0.0266401544;;0.0266401544;;191400.390625
;NZ;2003;p95p100;175653.03125;;241564.125;;1.7497229576;1.7497229576;138058.5;;;0.2125697732;;0.2125697732;;100389.054688
;NZ;2003;p99.5p100;508229.75;;698935.125;;1.9571607113;1.9571607113;357116.875;;;0.0615042858;;0.0615042858;;259677.0625
;NZ;2002;p0p100;39691.8984375;39691.8984375;54776.796875;54776.796875;;;;1.24261834752e+11;1.71487526912e+11;;;;;
;NZ;2002;p99p100;331078.96875;;456905.46875;;1.7954729795;1.7954729795;254476.390625;;;0.0834121481;;0.0834121481;;184396.515625
;NZ;2002;p90p100;125886.507812;;173729.65625;;1.6208062172;1.6208063364;107187.179688;;;0.3171592653;;0.3171592653;;77669.0703125
;NZ;2002;p90p95;85936.46875;;118596.609375;;;;107187.179688;;;0.1082544476;;0.1082544476;;77669.0703125
;NZ;2002;p95p99;124526.007812;;171852.09375;;;;134253.34375;;;0.125492692;;0.125492692;;97281.515625
;NZ;2002;p99p99.5;212139.984375;;292763.71875;;;;254476.390625;;;0.0267233085;;0.0267233085;;184396.515625
;NZ;2002;p95p100;165836.546875;;228862.703125;;1.7047077417;1.7047076225;134253.34375;;;0.2089048326;;0.2089048326;;97281.515625
;NZ;2002;p99.5p100;450017.96875;;621047.1875;;1.7888507843;1.7888509035;347176.625;;;0.0566888377;;0.0566888377;;251568.1875
;NZ;2001;p0p100;40088.046875;40088.046875;53691.8632812;53691.8632812;;;;1.23314446336e+11;1.65161009152e+11;;;;;
;NZ;2001;p99p100;333677.71875;;446910.71875;;1.7612147331;1.7612148523;253751.390625;;;0.0832361281;;0.0832361281;;189458.84375
;NZ;2001;p90p100;127526.039062;;170801.796875;;1.636059761;1.6360598803;104398.257812;;;0.3181149364;;0.3181149364;;77947.0546875
;NZ;2001;p90p95;86760.109375;;116202.007812;;;;104398.257812;;;0.1082119644;;0.1082119644;;77947.0546875
;NZ;2001;p95p99;126945.601562;;170024.390625;;;;132084.609375;;;0.1266668588;;0.1266668588;;98618.5625
;NZ;2001;p99p99.5;215871.96875;;289127.78125;;;;253751.390625;;;0.0269247051;;0.0269247051;;189458.84375
;NZ;2001;p95p100;168291.96875;;225401.59375;;1.7064938545;1.7064939737;132084.609375;;;0.2099029869;;0.2099029869;;98618.5625
;NZ;2001;p99.5p100;451483.4375;;604693.625;;1.7755665779;1.7755665779;340563.75;;;0.0563114248;;0.0563114248;;254275.703125
;NZ;2000;p0p100;39554.0546875;39554.0546875;51311.0117188;51311.0117188;;;;1.191407616e+11;1.54553892864e+11;;;;;
;NZ;2000;p99p100;313203.0;;406298.78125;;1.7027958632;1.7027958632;238606.859375;;;0.0791834667;;0.0791834667;;183934.5625
;NZ;2000;p90p100;123351.492188;;160016.21875;;1.6190757751;1.6190758944;98831.8203125;;;0.3118555844;;0.3118555844;;76186.359375
;NZ;2000;p90p95;85112.40625;;110411.023438;;;;98831.8203125;;;0.1075900197;;0.1075900197;;76186.359375
;NZ;2000;p95p99;123687.53125;;160452.125;;;;125102.804688;;;0.1250820905;;0.1250820905;;96437.8359375
;NZ;2000;p99p99.5;209633.421875;;271944.40625;;;;238606.859375;;;0.0264995899;;0.0264995899;;183934.5625
;NZ;2000;p95p100;161590.578125;;209621.40625;;1.6755931377;1.6755931377;125102.804688;;;0.2042655647;;0.2042655647;;96437.8359375
;NZ;2000;p99.5p100;416772.59375;;540653.125;;1.707005024;1.707005024;316726.15625;;;0.0526838787;;0.0526838787;;244154.28125
;NZ;1999;p0p100;41240.5585938;41240.5585938;51061.4921875;51061.4921875;;;;1.21989578752e+11;1.51039901696e+11;;;;;
;NZ;1999;p99p100;554405.25;;686430.0625;;;;;;;0.1344319135;;0.1344319135;;
;NZ;1999;p90p100;155752.6875;;192843.28125;;;;;;;0.377668798;;0.377668798;;
;NZ;1999;p90p95;88080.7890625;;109056.15625;;;;;;;0.1067890599;;0.1067890599;;
;NZ;1999;p95p99;140679.53125;;174180.640625;;;;;;;0.136447832;;0.136447832;;
;NZ;1999;p95p100;223424.578125;;276630.40625;;;;;;;0.2708797455;;0.2708797455;;
;NZ;1998;p0p100;38715.1171875;38715.1171875;50086.1484375;50086.1484375;;;;1.13783734272e+11;1.4720319488e+11;;;;;
;NZ;1998;p99p100;395446.84375;;511593.65625;;;;;;;0.1021426469;;0.1021426469;;
;NZ;1998;p90p100;133133.09375;;172235.65625;;;;;;;0.343878895;;0.343878895;;
;NZ;1998;p90p95;83653.4921875;;108223.382812;;;;;;;0.1080372632;;0.1080372632;;
;NZ;1998;p95p99;129404.234375;;167411.59375;;;;;;;0.133698985;;0.133698985;;
;NZ;1998;p99p99.5;231124.21875;;299007.78125;;;;;;;0.0298493207;;0.0298493207;;
;NZ;1998;p95p100;182612.6875;;236247.921875;;;;;;;0.2358416319;;0.2358416319;;
;NZ;1998;p99.5p100;559769.4375;;724179.5625;;;;;;;0.0722933263;;0.0722933263;;
;NZ;1997;p0p100;38459.609375;38459.609375;49763.7539062;49763.7539062;;;;1.12032833536e+11;1.44961814528e+11;;;;;
;NZ;1997;p99p100;352378.125;;455950.0;;;;;;;0.0916228294;;0.0916228294;;
;NZ;1997;p90p100;125281.882812;;162105.046875;;;;;;;0.3257493377;;0.3257493377;;
;NZ;1997;p90p95;81105.5625;;104944.3125;;;;;;;0.1054425463;;0.1054425463;;
;NZ;1997;p95p99;123728.296875;;160094.828125;;;;;;;0.1286839545;;0.1286839545;;
;NZ;1997;p99p99.5;218543.78125;;282778.71875;;;;;;;0.0284120906;;0.0284120906;;
;NZ;1997;p95p100;169458.21875;;219265.796875;;;;;;;0.2203067839;;0.2203067839;;
;NZ;1997;p99.5p100;486212.5;;629121.3125;;;;;;;0.0632107407;;0.0632107407;;
;NZ;1996;p0p100;38017.8710938;38017.8710938;48759.2890625;48759.2890625;;;;1.09225345024e+11;1.40085444608e+11;;;;;
;NZ;1996;p99p100;339303.40625;;435168.84375;;;;;;;0.0892483145;;0.0892483145;;
;NZ;1996;p90p100;122348.46875;;156916.3125;;;;;;;0.3218183815;;0.3218183815;;
;NZ;1996;p90p95;79810.8046875;;102360.234375;;;;;;;0.1049648821;;0.1049648821;;
;NZ;1996;p95p99;121281.867188;;155548.359375;;;;;;;0.12760517;;0.12760517;;
;NZ;1996;p99p99.5;213560.859375;;273899.5;;;;;;;0.0280868746;;0.0280868746;;
;NZ;1996;p95p100;164886.125;;211472.390625;;;;;;;0.2168534845;;0.2168534845;;
;NZ;1996;p99.5p100;465045.96875;;596438.25;;;;;;;0.0611614361;;0.0611614361;;
;NZ;1995;p0p100;37222.7382812;37222.7382812;48387.8398438;48387.8398438;;;;1.0519146496e+11;1.36744034304e+11;;;;;
;NZ;1995;p99p100;334204.6875;;434450.65625;;;;;;;0.0897850022;;0.0897850022;;
;NZ;1995;p90p100;121429.398438;;157852.59375;;;;;;;0.3262237608;;0.3262237608;;
;NZ;1995;p90p95;79298.234375;;103084.03125;;;;;;;0.1065185517;;0.1065185517;;
;NZ;1995;p95p99;120899.585938;;157163.875;;;;;;;0.1299201995;;0.1299201995;;
;NZ;1995;p99p99.5;213709.5625;;277812.53125;;;;;;;0.0287068263;;0.0287068263;;
;NZ;1995;p95p100;163560.5625;;212621.15625;;;;;;;0.2197052091;;0.2197052091;;
;NZ;1995;p99.5p100;454699.84375;;591088.75;;;;;;;0.0610781759;;0.0610781759;;
;NZ;1994;p0p100;36179.2617188;36179.2617188;47349.4726562;47349.4726562;;;;1.00759248896e+11;1.31868278784e+11;;;;;
;NZ;1994;p99p100;325635.21875;;426173.84375;;;;;;;0.0900059491;;0.0900059491;;
;NZ;1994;p90p100;118887.21875;;155593.1875;;;;;;;0.3286060393;;0.3286060393;;
;NZ;1994;p90p95;78142.875;;102269.1875;;;;;;;0.1079940349;;0.1079940349;;
;NZ;1994;p95p99;118130.710938;;154603.125;;;;;;;0.1306060553;;0.1306060553;;
;NZ;1994;p99p99.5;208187.453125;;272464.53125;;;;;;;0.0287716258;;0.0287716258;;
;NZ;1994;p95p100;159631.5625;;208917.203125;;;;;;;0.2206120044;;0.2206120044;;
;NZ;1994;p99.5p100;443082.96875;;579883.1875;;;;;;;0.0612343252;;0.0612343252;;
;NZ;1993;p0p100;35187.140625;35187.140625;46067.40625;46067.40625;;;;96694255616.0;1.265932288e+11;;;;;
;NZ;1993;p99p100;308189.59375;;403485.34375;;;;;;;0.087585777;;0.087585777;;
;NZ;1993;p90p100;116081.101562;;151974.703125;;;;;;;0.3298964798;;0.3298964798;;
;NZ;1993;p90p95;78332.5625;;102553.890625;;;;;;;0.1113085374;;0.1113085374;;
;NZ;1993;p95p99;115239.710938;;150873.15625;;;;;;;0.131002143;;0.131002143;;
;NZ;1993;p99p99.5;198389.03125;;259733.1875;;;;;;;0.0281905308;;0.0281905308;;
;NZ;1993;p95p100;153829.640625;;201395.53125;;;;;;;0.218587935;;0.218587935;;
;NZ;1993;p99.5p100;417990.1875;;547237.5625;;;;;;;0.0593952499;;0.0593952499;;
;NZ;1992;p0p100;34531.109375;34531.109375;44474.3515625;44474.3515625;;;;93821026304.0;1.20836816896e+11;;;;;
;NZ;1992;p99p100;290220.40625;;373789.4375;;;;;;;0.0840459913;;0.0840459913;;
;NZ;1992;p90p100;112189.117188;;144494.0;;;;;;;0.3248929381;;0.3248929381;;
;NZ;1992;p90p95;77168.4375;;99389.109375;;;;;;;0.1117375791;;0.1117375791;;
;NZ;1992;p95p99;111457.195312;;143551.328125;;;;;;;0.1291093826;;0.1291093826;;
;NZ;1992;p99p99.5;186143.546875;;239743.640625;;;;;;;0.026952995;;0.026952995;;
;NZ;1992;p95p100;147209.796875;;189598.890625;;;;;;;0.2131553739;;0.2131553739;;
;NZ;1992;p99.5p100;394297.25;;507835.25;;;;;;;0.0570929945;;0.0570929945;;
;NZ;1991;p0p100;35126.8671875;35126.8671875;45196.125;45196.125;;;;94421016576.0;1.21487179776e+11;;;;;
;NZ;1991;p99p100;279639.03125;;359798.6875;;;;;;;0.0796082243;;0.0796082243;;
;NZ;1991;p90p100;110570.40625;;142265.859375;;;;;;;0.3147745132;;0.3147745132;;
;NZ;1991;p90p95;76922.234375;;98972.3046875;;;;;;;0.1094920486;;0.1094920486;;
;NZ;1991;p95p99;110363.507812;;141999.65625;;;;;;;0.1256742477;;0.1256742477;;
;NZ;1991;p99p99.5;182136.921875;;234347.21875;;;;;;;0.0259255618;;0.0259255618;;
;NZ;1991;p95p100;144218.578125;;185559.40625;;;;;;;0.2052824795;;0.2052824795;;
;NZ;1991;p99.5p100;377141.125;;485250.15625;;;;;;;0.0536826625;;0.0536826625;;
;NZ;1990;p0p100;36171.3242188;36171.3242188;46799.2578125;46799.2578125;;;;96143376384.0;1.24392431616e+11;;;;;
;NZ;1990;p99p100;296969.3125;;384225.46875;;;;;;;0.082100682;;0.082100682;;
;NZ;1990;p90p100;112557.726562;;145629.671875;;;;;;;0.3111795187;;0.3111795187;;
;NZ;1990;p90p95;77462.0234375;;100222.078125;;;;;;;0.1070765927;;0.1070765927;;
;NZ;1990;p95p99;110324.515625;;142740.296875;;;;;;;0.1220022514;;0.1220022514;;
;NZ;1990;p99p99.5;184656.046875;;238912.0625;;;;;;;0.0255251732;;0.0255251732;;
;NZ;1990;p95p100;147653.4375;;191037.265625;;;;;;;0.2041029334;;0.2041029334;;
;NZ;1990;p99.5p100;409282.59375;;529538.875;;;;;;;0.0565755069;;0.0565755069;;
;NZ;1989;p0p100;37251.71875;37251.71875;48603.3828125;48603.3828125;;;;97897521152.0;1.27729696768e+11;;;;;
;NZ;1989;p99p100;245383.109375;;320158.34375;;;;;;;0.0658715516;;0.0658715516;;
;NZ;1989;p99.9p100;603485.625;;787384.9375;;;;;;;0.0162000004;;0.0162000004;;
;NZ;1989;p90p100;105554.695312;;137720.21875;;;;;;;0.2833552659;;0.2833552659;;
;NZ;1989;p90p95;77255.109375;;100796.945312;;;;;;;0.1036933661;;0.1036933661;;
;NZ;1989;p95p99;105972.109375;;138264.84375;;;;;;;0.1137903556;;0.1137903556;;
;NZ;1989;p99.5p99.9;252586.234375;;329556.46875;;;;;;;0.0271221567;;0.0271221567;;
;NZ;1989;p99p99.5;168000.9375;;219195.609375;;;;;;;0.0225493964;;0.0225493964;;
;NZ;1989;p95p100;133854.28125;;174643.5;;;;;;;0.1796619147;;0.1796619147;;
;NZ;1989;p99.5p100;322765.28125;;421121.09375;;;;;;;0.0433221571;;0.0433221571;;
;NZ;1988;p0p100;38132.7695312;38132.7695312;49651.1328125;49651.1328125;;;;99030810624.0;1.28943996928e+11;;;;;
;NZ;1988;p99p100;203864.0625;;265443.125;;;;;;;0.0534615926;;0.0534615926;;
;NZ;1988;p99.9p100;443715.78125;;577744.3125;;;;;;;0.0116359247;;0.0116359247;;
;NZ;1988;p90p100;100142.46875;;130391.4375;;;;;;;0.2626152933;;0.2626152933;;
;NZ;1988;p90p95;77678.703125;;101142.28125;;;;;;;0.1018529683;;0.1018529683;;
;NZ;1988;p95p99;102291.804688;;133190.015625;;;;;;;0.107300736;;0.107300736;;
;NZ;1988;p99.5p99.9;211228.96875;;275032.65625;;;;;;;0.0221572574;;0.0221572574;;
;NZ;1988;p99p99.5;150002.34375;;195311.96875;;;;;;;0.0196684115;;0.0196684115;;
;NZ;1988;p95p100;122606.234375;;159640.59375;;;;;;;0.1607623249;;0.1607623249;;
;NZ;1988;p99.5p100;257725.78125;;335574.28125;;;;;;;0.0337931812;;0.0337931812;;
;NZ;1987;p0p100;37892.5429688;37892.5429688;47973.3359375;47973.3359375;;;;97270161408.0;1.23147558912e+11;;;;;
;NZ;1987;p99p100;207574.984375;;262797.46875;;;;;;;0.0547798499;;0.0547798499;;
;NZ;1987;p99.9p100;482495.34375;;610856.625;;;;;;;0.0127330897;;0.0127330897;;
;NZ;1987;p90p100;100842.289062;;127670.0;;;;;;;0.2661270797;;0.2661270797;;
;NZ;1987;p90p95;78267.734375;;99089.796875;;;;;;;0.1032759398;;0.1032759398;;
;NZ;1987;p95p99;102377.335938;;129613.429688;;;;;;;0.1080712825;;0.1080712825;;
;NZ;1987;p99.5p99.9;212897.6875;;269536.21875;;;;;;;0.022473881;;0.022473881;;
;NZ;1987;p99p99.5;148333.375;;187795.4375;;;;;;;0.0195728801;;0.0195728801;;
;NZ;1987;p95p100;123416.84375;;156250.203125;;;;;;;0.1628511399;;0.1628511399;;
;NZ;1987;p99.5p100;266816.59375;;337799.46875;;;;;;;0.0352069698;;0.0352069698;;
;NZ;1986;p0p100;36061.7539062;36061.7539062;46297.8789062;46297.8789062;;;;91488665600.0;1.174577152e+11;;;;;
;NZ;1986;p99p100;176015.640625;;225977.671875;;;;;;;0.0488094613;;0.0488094613;;
;NZ;1986;p99.9p100;361497.75;;464108.875;;;;;;;0.0100242794;;0.0100242794;;
;NZ;1986;p90p100;95587.546875;;122720.0625;;;;;;;0.2650663555;;0.2650663555;;
;NZ;1986;p90p95;76891.5390625;;98717.1953125;;;;;;;0.1066109538;;0.1066109538;;
;NZ;1986;p95p99;98850.546875;;126909.273438;;;;;;;0.1096459255;;0.1096459255;;
;NZ;1986;p99.5p99.9;180794.109375;;232112.5;;;;;;;0.0200538747;;0.0200538747;;
;NZ;1986;p99p99.5;135096.890625;;173444.125;;;;;;;0.0187313072;;0.0187313072;;
;NZ;1986;p95p100;114283.546875;;146722.9375;;;;;;;0.1584553868;;0.1584553868;;
;NZ;1986;p99.5p100;216934.40625;;278511.21875;;;;;;;0.0300781541;;0.0300781541;;
;NZ;1985;p0p100;36063.703125;36063.703125;46597.7890625;46597.7890625;;;;90411704320.0;1.16820656128e+11;;;;;
;NZ;1985;p99p100;198698.609375;;256737.796875;;;;;;;0.0550965071;;0.0550965071;;
;NZ;1985;p99.9p100;428846.65625;;554111.3125;;;;;;;0.0118912123;;0.0118912123;;
;NZ;1985;p90p100;99421.203125;;128461.796875;;;;;;;0.2756822407;;0.2756822407;;
;NZ;1985;p90p95;78078.5859375;;100885.078125;;;;;;;0.1082509533;;0.1082509533;;
;NZ;1985;p95p99;101280.148438;;130863.734375;;;;;;;0.1123347729;;0.1123347729;;
;NZ;1985;p99.5p99.9;206253.765625;;266499.8125;;;;;;;0.0228766501;;0.0228766501;;
;NZ;1985;p99p99.5;146625.390625;;189454.171875;;;;;;;0.0203286447;;0.0203286447;;
;NZ;1985;p95p100;120763.8125;;156038.515625;;;;;;;0.16743128;;0.16743128;;
;NZ;1985;p99.5p100;250771.8125;;324021.4375;;;;;;;0.0347678624;;0.0347678624;;
;NZ;1984;p0p100;35642.3710938;35642.3710938;47654.9296875;47654.9296875;;;;88535646208.0;1.18374842368e+11;;;;;
;NZ;1984;p99p100;199586.0625;;266852.625;;;;;;;0.055996798;;0.055996798;;
;NZ;1984;p99.9p100;434628.125;;581110.9375;;;;;;;0.0121939844;;0.0121939844;;
;NZ;1984;p90p100;100481.359375;;134346.625;;;;;;;0.2819155455;;0.2819155455;;
;NZ;1984;p90p95;79111.8203125;;105774.90625;;;;;;;0.1109800488;;0.1109800488;;
;NZ;1984;p95p99;102417.140625;;136934.828125;;;;;;;0.1149386987;;0.1149386987;;
;NZ;1984;p99.5p99.9;205628.625;;274931.71875;;;;;;;0.0230769217;;0.0230769217;;
;NZ;1984;p99p99.5;147744.140625;;197538.390625;;;;;;;0.0207258929;;0.0207258929;;
;NZ;1984;p95p100;121850.898438;;162918.34375;;;;;;;0.1709354967;;0.1709354967;;
;NZ;1984;p99.5p100;251427.984375;;336166.8125;;;;;;;0.035270907;;0.035270907;;
;NZ;1983;p0p100;35677.8710938;35677.8710938;47075.171875;47075.171875;;;;87232389120.0;1.1509878784e+11;;;;;
;NZ;1983;p99p100;202668.453125;;267410.90625;;;;;;;0.0568050332;;0.0568050332;;
;NZ;1983;p99.9p100;434500.9375;;573302.3125;;;;;;;0.0121782869;;0.0121782869;;
;NZ;1983;p90p100;103194.984375;;136160.640625;;;;;;;0.2892409265;;0.2892409265;;
;NZ;1983;p90p95;81385.921875;;107384.664062;;;;;;;0.1140566096;;0.1140566096;;
;NZ;1983;p95p99;105587.96875;;139318.0625;;;;;;;0.1183792949;;0.1183792949;;
;NZ;1983;p99.5p99.9;208889.4375;;275619.1875;;;;;;;0.0234195441;;0.0234195441;;
;NZ;1983;p99p99.5;151325.703125;;199666.71875;;;;;;;0.0212072022;;0.0212072022;;
;NZ;1983;p95p100;125004.046875;;164936.609375;;;;;;;0.1751843244;;0.1751843244;;
;NZ;1983;p99.5p100;254011.203125;;335155.125;;;;;;;0.035597831;;0.035597831;;
;NZ;1982;p0p100;35780.8984375;35780.8984375;44043.0820312;44043.0820312;;;;85909938176.0;1.05747439616e+11;;;;;
;NZ;1982;p99p100;196309.953125;;241639.984375;;;;;;;0.0548644066;;0.0548644066;;
;NZ;1982;p99.9p100;406743.4375;;500664.75;;;;;;;0.0113674672;;0.0113674672;;
;NZ;1982;p90p100;102696.460938;;126410.148438;;;;;;;0.2870148122;;0.2870148122;;
;NZ;1982;p90p95;82021.8359375;;100961.539062;;;;;;;0.1146168187;;0.1146168187;;
;NZ;1982;p95p99;105136.382812;;129413.476562;;;;;;;0.1175336018;;0.1175336018;;
;NZ;1982;p99.5p99.9;203717.28125;;250757.734375;;;;;;;0.0227739047;;0.0227739047;;
;NZ;1982;p99p99.5;148297.890625;;182541.421875;;;;;;;0.0207230337;;0.0207230337;;
;NZ;1982;p95p100;123371.078125;;151858.75;;;;;;;0.172398001;;0.172398001;;
;NZ;1982;p99.5p100;244322.03125;;300738.53125;;;;;;;0.0341413729;;0.0341413729;;
;NZ;1981;p0p100;37770.0;37770.0;44307.046875;44307.046875;;;;88986116096.0;1.04387403776e+11;;;;;
;NZ;1981;p99p100;207827.890625;;243797.734375;;;;;;;0.0550245419;;0.0550245419;;
;NZ;1981;p99.9p100;431277.34375;;505920.71875;;;;;;;0.0114183687;;0.0114183687;;
;NZ;1981;p90p100;107571.140625;;126189.023438;;;;;;;0.2848058343;;0.2848058343;;
;NZ;1981;p90p95;85622.359375;;100441.46875;;;;;;;0.1133470759;;0.1133470759;;
;NZ;1981;p95p99;109942.945312;;128971.335938;;;;;;;0.116434209;;0.116434209;;
;NZ;1981;p99.5p99.9;217246.4375;;254846.390625;;;;;;;0.0230073482;;0.0230073482;;
;NZ;1981;p99p99.5;155603.6875;;182534.8125;;;;;;;0.0205988269;;0.0205988269;;
;NZ;1981;p95p100;129519.914062;;151936.59375;;;;;;;0.171458751;;0.171458751;;
;NZ;1981;p99.5p100;260052.109375;;305060.65625;;;;;;;0.0344257168;;0.0344257168;;
;NZ;1980;p0p100;36800.8164062;36800.8164062;43023.0820312;43023.0820312;;;;85635497984.0;1.00114710528e+11;;;;;
;NZ;1980;p99p100;208019.953125;;243191.875;;;;;;;0.0565258563;;0.0565258563;;
;NZ;1980;p99.9p100;433042.625;;506261.3125;;;;;;;0.0117670503;;0.0117670503;;
;NZ;1980;p90p100;106100.179688;;124039.5625;;;;;;;0.2883093953;;0.2883093953;;
;NZ;1980;p90p95;83347.578125;;97439.953125;;;;;;;0.1132415086;;0.1132415086;;
;NZ;1980;p95p99;109061.03125;;127501.023438;;;;;;;0.1185420379;;0.1185420379;;
;NZ;1980;p99.5p99.9;215361.015625;;251774.171875;;;;;;;0.0234083347;;0.0234083347;;
;NZ;1980;p99p99.5;157143.078125;;183712.78125;;;;;;;0.0213504694;;0.0213504694;;
;NZ;1980;p95p100;128852.789062;;150639.171875;;;;;;;0.1750678867;;0.1750678867;;
;NZ;1980;p99.5p100;258896.8125;;302671.0;;;;;;;0.0351753868;;0.0351753868;;
;NZ;1979;p0p100;37228.6210938;37228.6210938;43350.4023438;43350.4023438;;;;85290770432.0;99315769344.0;;;;;
;NZ;1979;p99p100;214948.125;;250293.640625;;;;;;;0.0577372722;;0.0577372722;;
;NZ;1979;p99.9p100;452081.28125;;526420.375;;;;;;;0.0121432226;;0.0121432226;;
;NZ;1979;p90p100;105051.625;;122326.046875;;;;;;;0.2821797729;;0.2821797729;;
;NZ;1979;p90p95;81373.8671875;;94754.78125;;;;;;;0.1092894077;;0.1092894077;;
;NZ;1979;p95p99;107174.726562;;124798.265625;;;;;;;0.1151530966;;0.1151530966;;
;NZ;1979;p99.5p99.9;224141.015625;;260998.1875;;;;;;;0.0240827017;;0.0240827017;;
;NZ;1979;p99p99.5;160167.71875;;186505.28125;;;;;;;0.0215113461;;0.0215113461;;
;NZ;1979;p95p100;128729.382812;;149897.3125;;;;;;;0.1728903651;;0.1728903651;;
;NZ;1979;p99.5p100;269728.53125;;314082.0;;;;;;;0.0362259261;;0.0362259261;;
;NZ;1978;p0p100;36738.7578125;36738.7578125;44232.5546875;44232.5546875;;;;83507191808.0;1.00540596224e+11;;;;;
;NZ;1978;p99p100;224721.15625;;270558.71875;;;;;;;0.0611672699;;0.0611672699;;
;NZ;1978;p99.9p100;475181.1875;;572106.375;;;;;;;0.0129338903;;0.0129338903;;
;NZ;1978;p90p100;106916.375;;128724.664062;;;;;;;0.2910180092;;0.2910180092;;
;NZ;1978;p90p95;81625.4296875;;98275.0;;;;;;;0.1110890135;;0.1110890135;;
;NZ;1978;p95p99;109078.882812;;131328.28125;;;;;;;0.1187617108;;0.1187617108;;
;NZ;1978;p99.5p99.9;234534.828125;;282374.125;;;;;;;0.0255354624;;0.0255354624;;
;NZ;1978;p99p99.5;166778.796875;;200797.546875;;;;;;;0.0226979163;;0.0226979163;;
;NZ;1978;p95p100;132207.3125;;159174.328125;;;;;;;0.1799289733;;0.1799289733;;
;NZ;1978;p99.5p100;282663.53125;;340319.875;;;;;;;0.0384693518;;0.0384693518;;
;NZ;1977;p0p100;35142.8984375;35142.8984375;43533.2695312;43533.2695312;;;;79176949760.0;98080456704.0;;;;;
;NZ;1977;p99p100;215459.390625;;266900.34375;;;;;;;0.0613094494;;0.0613094494;;
;NZ;1977;p99.9p100;460438.25;;570367.9375;;;;;;;0.0131017175;;0.0131017175;;
;NZ;1977;p90p100;101421.1875;;125635.5;;;;;;;0.2885966003;;0.2885966003;;
;NZ;1977;p90p95;77098.9453125;;95506.3203125;;;;;;;0.1096935123;;0.1096935123;;
;NZ;1977;p95p99;103314.46875;;127980.8125;;;;;;;0.1175936311;;0.1175936311;;
;NZ;1977;p99.5p99.9;223994.34375;;277473.0;;;;;;;0.0254953131;;0.0254953131;;
;NZ;1977;p99p99.5;159636.203125;;197749.359375;;;;;;;0.0227124207;;0.0227124207;;
;NZ;1977;p95p100;125743.429688;;155764.6875;;;;;;;0.178903088;;0.178903088;;
;NZ;1977;p99.5p100;271282.5625;;336051.3125;;;;;;;0.0385970287;;0.0385970287;;
;NZ;1976;p0p100;35942.8085938;35942.8085938;44971.2382812;44971.2382812;;;;80188407808.0;1.00330831872e+11;;;;;
;NZ;1976;p99p100;268889.0625;;336430.9375;;;;;;;0.0748101771;;0.0748101771;;
;NZ;1976;p99.9p100;555336.8125;;694831.1875;;;;;;;0.0154503686;;0.0154503686;;
;NZ;1976;p90p100;111794.75;;139876.328125;;;;;;;0.3110351562;;0.3110351562;;
;NZ;1976;p90p95;77204.6171875;;96597.546875;;;;;;;0.1073992774;;0.1073992774;;
;NZ;1976;p95p99;115758.882812;;144836.21875;;;;;;;0.1288257092;;0.1288257092;;
;NZ;1976;p99.5p99.9;287094.6875;;359209.625;;;;;;;0.0319502316;;0.0319502316;;
;NZ;1976;p99p99.5;197035.625;;246528.75;;;;;;;0.0274095759;;0.0274095759;;
;NZ;1976;p95p100;146384.875;;183155.109375;;;;;;;0.2036358863;;0.2036358863;;
;NZ;1976;p99.5p100;340742.46875;;426333.15625;;;;;;;0.0474005975;;0.0474005975;;
;NZ;1975;p0p100;36457.8984375;36457.8984375;44512.8671875;44512.8671875;;;;80061546496.0;97750253568.0;;;;;
;NZ;1975;p99p100;239061.96875;;291880.0625;;;;;;;0.065572001;;0.065572001;;
;NZ;1975;p99.9p100;529112.25;;646013.75;;;;;;;0.0145127801;;0.0145127801;;
;NZ;1975;p90p100;109310.25;;133461.140625;;;;;;;0.2998260558;;0.2998260558;;
;NZ;1975;p90p95;82263.0546875;;100438.15625;;;;;;;0.1128192693;;0.1128192693;;
;NZ;1975;p95p99;110681.367188;;135135.1875;;;;;;;0.1214347854;;0.1214347854;;
;NZ;1975;p99.5p99.9;250959.875;;306406.6875;;;;;;;0.0275342669;;0.0275342669;;
;NZ;1975;p99p99.5;171534.234375;;209432.828125;;;;;;;0.0235249531;;0.0235249531;;
;NZ;1975;p95p100;136357.453125;;166484.125;;;;;;;0.1870067865;;0.1870067865;;
;NZ;1975;p99.5p100;306589.6875;;374327.28125;;;;;;;0.0420470461;;0.0420470461;;
;NZ;1974;p0p100;35878.8789062;35878.8789062;48117.3984375;48117.3984375;;;;77390741504.0;1.03789232128e+11;;;;;
;NZ;1974;p99p100;270765.3125;;363125.125;;;;;;;0.0754664242;;0.0754664242;;
;NZ;1974;p99.9p100;602878.0;;808523.625;;;;;;;0.0168029293;;0.0168029293;;
;NZ;1974;p90p100;114901.757812;;154095.5;;;;;;;0.3202490807;;0.3202490807;;
;NZ;1974;p90p95;83528.3125;;112020.367188;;;;;;;0.1164032072;;0.1164032072;;
;NZ;1974;p95p99;115152.710938;;154432.0625;;;;;;;0.1283794641;;0.1283794641;;
;NZ;1974;p99.5p99.9;293065.59375;;393032.1875;;;;;;;0.0326728374;;0.0326728374;;
;NZ;1974;p99p99.5;186503.296875;;250120.78125;;;;;;;0.0259906556;;0.0259906556;;
;NZ;1974;p95p100;146275.203125;;196170.625;;;;;;;0.2038458884;;0.2038458884;;
;NZ;1974;p99.5p100;355027.34375;;476129.5;;;;;;;0.0494757667;;0.0494757667;;
;NZ;1973;p0p100;36967.0351562;36967.0351562;51442.375;51442.375;;;;77408968704.0;1.0772033536e+11;;;;;
;NZ;1973;p99p100;276031.03125;;384117.71875;;;;;;;0.0746694431;;0.0746694431;;
;NZ;1973;p99.9p100;624053.4375;;868416.75;;;;;;;0.0168811325;;0.0168811325;;
;NZ;1973;p90p100;117721.078125;;163817.640625;;;;;;;0.3184489012;;0.3184489012;;
;NZ;1973;p90p95;84956.125;;118222.765625;;;;;;;0.11490798;;0.11490798;;
;NZ;1973;p95p99;119099.835938;;165736.265625;;;;;;;0.1288714707;;0.1288714707;;
;NZ;1973;p99.5p99.9;286481.1875;;398659.875;;;;;;;0.0309986211;;0.0309986211;;
;NZ;1973;p99p99.5;198067.265625;;275625.3125;;;;;;;0.0267896894;;0.0267896894;;
;NZ;1973;p95p100;150486.03125;;209412.515625;;;;;;;0.2035409063;;0.2035409063;;
;NZ;1973;p99.5p100;353994.84375;;492610.125;;;;;;;0.0478797555;;0.0478797555;;
;NZ;1972;p0p100;35950.765625;35950.765625;50302.03125;50302.03125;;;;73195757568.0;1.02414934016e+11;;;;;
;NZ;1972;p99p100;254458.4375;;356036.28125;;;;;;;0.0707796365;;0.0707796365;;
;NZ;1972;p99.9p100;545670.625;;763498.0625;;;;;;;0.0151780797;;0.0151780797;;
;NZ;1972;p90p100;112491.0;;157396.53125;;;;;;;0.3129030168;;0.3129030168;;
;NZ;1972;p90p95;81869.6171875;;114551.335938;;;;;;;0.1138635576;;0.1138635576;;
;NZ;1972;p95p99;115275.90625;;161293.15625;;;;;;;0.1282598227;;0.1282598227;;
;NZ;1972;p99.5p99.9;264950.5625;;370716.78125;;;;;;;0.0294793304;;0.0294793304;;
;NZ;1972;p99p99.5;187822.96875;;262800.46875;;;;;;;0.0261222254;;0.0261222254;;
;NZ;1972;p95p100;143112.375;;200241.734375;;;;;;;0.1990394592;;0.1990394592;;
;NZ;1972;p99.5p100;321093.90625;;449272.125;;;;;;;0.0446574092;;0.0446574092;;
;NZ;1971;p0p100;33170.4726562;33170.4726562;45806.125;45806.125;;;;65810219008.0;90879352832.0;;;;;
;NZ;1971;p99p100;213371.359375;;294651.0625;;;;;;;0.0643256307;;0.0643256307;;
;NZ;1971;p99.9p100;433809.34375;;599060.625;;;;;;;0.0130780088;;0.0130780088;;
;NZ;1971;p90p100;101715.421875;;140461.953125;;;;;;;0.3066445589;;0.3066445589;;
;NZ;1971;p90p95;77309.5234375;;106759.09375;;;;;;;0.1165336743;;0.1165336743;;
;NZ;1971;p95p99;104308.851562;;144043.296875;;;;;;;0.1257852465;;0.1257852465;;
;NZ;1971;p99.5p99.9;223263.25;;308311.0625;;;;;;;0.0269231834;;0.0269231834;;
;NZ;1971;p99p99.5;161370.765625;;222841.828125;;;;;;;0.0243244339;;0.0243244339;;
;NZ;1971;p95p100;126121.328125;;174164.8125;;;;;;;0.1901108772;;0.1901108772;;
;NZ;1971;p99.5p100;265371.96875;;366460.28125;;;;;;;0.0400011912;;0.0400011912;;
;NZ;1970;p0p100;31757.3671875;31757.3671875;44377.34375;44377.34375;;;;61831598080.0;86402686976.0;;;;;
;NZ;1970;p99p100;210843.234375;;294629.65625;;;;;;;0.066391848;;0.066391848;;
;NZ;1970;p99.9p100;470278.9375;;657161.8125;;;;;;;0.0148083074;;0.0148083074;;
;NZ;1970;p90p100;97686.65625;;136506.09375;;;;;;;0.3076031804;;0.3076031804;;
;NZ;1970;p90p95;73993.796875;;103398.0;;;;;;;0.1164986566;;0.1164986566;;
;NZ;1970;p95p99;99013.609375;;138360.359375;;;;;;;0.1247126684;;0.1247126684;;
;NZ;1970;p99.5p99.9;217031.65625;;303277.28125;;;;;;;0.0273362808;;0.0273362808;;
;NZ;1970;p99p99.5;154005.96875;;215205.984375;;;;;;;0.024247257;;0.024247257;;
;NZ;1970;p95p100;121379.507812;;169614.1875;;;;;;;0.1911045164;;0.1911045164;;
;NZ;1970;p99.5p100;267680.5;;374053.34375;;;;;;;0.0421445891;;0.0421445891;;
;NZ;1969;p0p100;30313.7949219;30313.7949219;46099.28125;46099.28125;;;;57838718976.0;87957422080.0;;;;;
;NZ;1969;p99p100;203036.75;;308765.28125;;;;;;;0.0669782683;;0.0669782683;;
;NZ;1969;p99.9p100;438968.9375;;667555.875;;;;;;;0.0144806439;;0.0144806439;;
;NZ;1969;p90p100;94029.359375;;142993.84375;;;;;;;0.3101867735;;0.3101867735;;
;NZ;1969;p90p95;70015.796875;;106475.539062;;;;;;;0.1154850572;;0.1154850572;;
;NZ;1969;p95p99;96794.5078125;;147198.90625;;;;;;;0.1277234405;;0.1277234405;;
;NZ;1969;p99.5p99.9;210694.890625;;320411.3125;;;;;;;0.0278019048;;0.0278019048;;
;NZ;1969;p99p99.5;149724.34375;;227691.203125;;;;;;;0.0246957187;;0.0246957187;;
;NZ;1969;p95p100;118042.929688;;179512.140625;;;;;;;0.1947017163;;0.1947017163;;
;NZ;1969;p99.5p100;256349.15625;;389839.375;;;;;;;0.0422825478;;0.0422825478;;
;NZ;1968;p0p100;29220.2402344;29220.2402344;41966.8984375;41966.8984375;;;;54875611136.0;78813839360.0;;;;;
;NZ;1968;p99p100;196226.140625;;281825.28125;;;;;;;0.0671541169;;0.0671541169;;
;NZ;1968;p99.9p100;420545.125;;603998.25;;;;;;;0.0143920686;;0.0143920686;;
;NZ;1968;p90p100;91023.078125;;130729.804688;;;;;;;0.3115070164;;0.3115070164;;
;NZ;1968;p90p95;67581.796875;;97062.796875;;;;;;;0.1156421155;;0.1156421155;;
;NZ;1968;p95p99;94023.9453125;;135039.734375;;;;;;;0.1287107766;;0.1287107766;;
;NZ;1968;p99.5p99.9;204015.109375;;293012.03125;;;;;;;0.0279279742;;0.0279279742;;
;NZ;1968;p99p99.5;145131.6875;;208442.046875;;;;;;;0.0248340778;;0.0248340778;;
;NZ;1968;p95p100;114464.359375;;164396.8125;;;;;;;0.1958649009;;0.1958649009;;
;NZ;1968;p99.5p100;247320.59375;;355208.53125;;;;;;;0.0423200428;;0.0423200428;;
;NZ;1967;p0p100;29971.0957031;29971.0957031;42798.5898438;42798.5898438;;;;55536443392.0;79305785344.0;;;;;
;NZ;1967;p99p100;197482.828125;;282004.59375;;;;;;;0.0658910275;;0.0658910275;;
;NZ;1967;p99.9p100;421340.40625;;601672.25;;;;;;;0.0140580442;;0.0140580442;;
;NZ;1967;p90p100;92648.1328125;;132301.109375;;;;;;;0.3091250062;;0.3091250062;;
;NZ;1967;p90p95;69096.296875;;98669.203125;;;;;;;0.1152715832;;0.1152715832;;
;NZ;1967;p95p99;95879.28125;;136915.171875;;;;;;;0.1279623955;;0.1279623955;;
;NZ;1967;p99.5p99.9;204983.1875;;292715.0625;;;;;;;0.0273575038;;0.0273575038;;
;NZ;1967;p99p99.5;146711.546875;;209503.421875;;;;;;;0.0244754814;;0.0244754814;;
;NZ;1967;p95p100;116199.960938;;165933.03125;;;;;;;0.193853423;;0.193853423;;
;NZ;1967;p99.5p100;248254.109375;;354505.75;;;;;;;0.0414155461;;0.0414155461;;
;NZ;1966;p0p100;31336.171875;31336.171875;45996.3164062;45996.3164062;;;;57251188736.0;84035272704.0;;;;;
;NZ;1966;p99p100;205615.78125;;301809.9375;;;;;;;0.0656160489;;0.0656160489;;
;NZ;1966;p99.9p100;432711.1875;;635148.4375;;;;;;;0.0138085028;;0.0138085028;;
;NZ;1966;p90p100;96272.6796875;;141312.359375;;;;;;;0.3072254658;;0.3072254658;;
;NZ;1966;p90p95;71593.0234375;;105086.71875;;;;;;;0.1142338663;;0.1142338663;;
;NZ;1966;p95p99;99786.5;;146470.0625;;;;;;;0.1273755431;;0.1273755431;;
;NZ;1966;p99.5p99.9;214585.078125;;314975.375;;;;;;;0.0273914132;;0.0273914132;;
;NZ;1966;p99p99.5;153021.78125;;224610.65625;;;;;;;0.0244161338;;0.0244161338;;
;NZ;1966;p95p100;120952.328125;;177538.0;;;;;;;0.1929915994;;0.1929915994;;
;NZ;1966;p99.5p100;258209.78125;;379009.25;;;;;;;0.0411999151;;0.0411999151;;
;NZ;1965;p0p100;31231.8769531;31231.8769531;43775.578125;43775.578125;;;;56342306816.0;78971142144.0;;;;;
;NZ;1965;p99p100;209980.640625;;294315.4375;;;;;;;0.0672327355;;0.0672327355;;
;NZ;1965;p99.9p100;446198.90625;;625406.375;;;;;;;0.0142864659;;0.0142864659;;
;NZ;1965;p90p100;96991.3515625;;135946.125;;;;;;;0.3105525076;;0.3105525076;;
;NZ;1965;p90p95;70995.4609375;;99509.46875;;;;;;;0.1136586815;;0.1136586815;;
;NZ;1965;p95p99;101238.921875;;141899.640625;;;;;;;0.1296610832;;0.1296610832;;
;NZ;1965;p99.5p99.9;218962.78125;;306905.09375;;;;;;;0.0280435551;;0.0280435551;;
;NZ;1965;p99p99.5;155551.828125;;218026.3125;;;;;;;0.0249027107;;0.0249027107;;
;NZ;1965;p95p100;122987.242188;;172382.765625;;;;;;;0.1968938112;;0.1968938112;;
;NZ;1965;p99.5p100;264409.46875;;370604.59375;;;;;;;0.0423300229;;0.0423300229;;
;NZ;1964;p0p100;30294.8554688;30294.8554688;41667.6679688;41667.6679688;;;;53470420992.0;73543434240.0;;;;;
;NZ;1964;p99p100;224923.78125;;309361.09375;;;;;;;0.0742448047;;0.0742448047;;
;NZ;1964;p99.9p100;545811.3125;;750711.125;;;;;;;0.0180164017;;0.0180164017;;
;NZ;1964;p90p100;97922.734375;;134683.328125;;;;;;;0.3232322931;;0.3232322931;;
;NZ;1964;p90p95;69525.4453125;;95625.5859375;;;;;;;0.1147479713;;0.1147479713;;
;NZ;1964;p95p99;101669.117188;;139836.125;;;;;;;0.1342395246;;0.1342395246;;
;NZ;1964;p99.5p99.9;228333.984375;;314051.5;;;;;;;0.0301482789;;0.0301482789;;
;NZ;1964;p99p99.5;158018.875;;217339.828125;;;;;;;0.0260801259;;0.0260801259;;
;NZ;1964;p95p100;126320.023438;;173741.078125;;;;;;;0.2084843367;;0.2084843367;;
;NZ;1964;p99.5p100;291828.6875;;401382.375;;;;;;;0.0481646806;;0.0481646806;;
;NZ;1963;p0p100;29967.7988281;29967.7988281;40371.0625;40371.0625;;;;51784359936.0;69761196032.0;;;;;
;NZ;1963;p99p100;218398.15625;;294214.65625;;;;;;;0.0728775412;;0.0728775412;;
;NZ;1963;p90p100;95840.15625;;129110.882812;;;;;;;0.3198105395;;0.3198105395;;
;NZ;1963;p90p95;67784.625;;91315.921875;;;;;;;0.1130957901;;0.1130957901;;
;NZ;1963;p95p99;100270.109375;;135078.6875;;;;;;;0.1338372082;;0.1338372082;;
;NZ;1963;p99p99.5;159206.84375;;214475.1875;;;;;;;0.026562959;;0.026562959;;
;NZ;1963;p95p100;123895.695312;;166905.84375;;;;;;;0.2067147493;;0.2067147493;;
;NZ;1963;p99.5p100;277589.5;;373954.125;;;;;;;0.0463145822;;0.0463145822;;
;NZ;1962;p0p100;29005.8535156;29005.8535156;38496.8554688;38496.8554688;;;;49019891712.0;65059684352.0;;;;;
;NZ;1962;p99p100;210344.53125;;279171.34375;;;;;;;0.0725178868;;0.0725178868;;
;NZ;1962;p99.9p100;467053.34375;;619877.8125;;;;;;;0.0161018297;;0.0161018297;;
;NZ;1962;p90p100;92731.5625;;123074.25;;;;;;;0.3196995556;;0.3196995556;;
;NZ;1962;p90p95;66045.40625;;87656.1171875;;;;;;;0.1138484403;;0.1138484403;;
;NZ;1962;p95p99;96686.0546875;;128322.695312;;;;;;;0.133333236;;0.133333236;;
;NZ;1962;p99.5p99.9;216470.359375;;287301.625;;;;;;;0.0298520159;;0.0298520159;;
;NZ;1962;p99p99.5;154102.6875;;204526.625;;;;;;;0.026564043;;0.026564043;;
;NZ;1962;p95p100;119417.726562;;158492.390625;;;;;;;0.2058511227;;0.2058511227;;
;NZ;1962;p99.5p100;266586.34375;;353816.0625;;;;;;;0.0459538437;;0.0459538437;;
;NZ;1961;p0p100;28641.671875;28641.671875;38389.125;38389.125;;;;47230115840.0;63303663616.0;;;;;
;NZ;1960;p0p100;29110.28125;29110.28125;36714.7148438;36714.7148438;;;;46896660480.0;59147403264.0;;;;;
;NZ;1960;p99p100;216500.21875;;273056.25;;;;;;;0.0743723512;;0.0743723512;;
;NZ;1960;p99.9p100;483745.96875;;610114.1875;;;;;;;0.0166174881;;0.0166174881;;
;NZ;1960;p90p100;93640.9921875;;118102.6875;;;;;;;0.3216767609;;0.3216767609;;
;NZ;1960;p90p95;65415.9765625;;82504.4921875;;;;;;;0.1123589128;;0.1123589128;;
;NZ;1960;p95p99;98207.484375;;123862.078125;;;;;;;0.1349454969;;0.1349454969;;
;NZ;1960;p99.5p99.9;221708.078125;;279624.53125;;;;;;;0.0304646362;;0.0304646362;;
;NZ;1960;p99p99.5;158885.40625;;200390.796875;;;;;;;0.0272902306;;0.0272902306;;
;NZ;1960;p95p100;121866.007812;;153700.875;;;;;;;0.209317863;;0.209317863;;
;NZ;1960;p99.5p100;274115.03125;;345721.6875;;;;;;;0.0470821224;;0.0470821224;;
;NZ;1959;p0p100;27721.0039062;27721.0039062;37479.7109375;37479.7109375;;;;44048678912.0;59555262464.0;;;;;
;NZ;1959;p99p100;210747.21875;;284937.1875;;;;;;;0.0760243088;;0.0760243088;;
;NZ;1959;p99.9p100;450557.25;;609168.25;;;;;;;0.0162530709;;0.0162530709;;
;NZ;1959;p90p100;90499.703125;;122358.578125;;;;;;;0.3264662623;;0.3264662623;;
;NZ;1959;p90p95;62506.2304688;;84510.484375;;;;;;;0.1127416641;;0.1127416641;;
;NZ;1959;p95p99;95429.6953125;;129024.09375;;;;;;;0.1377002746;;0.1377002746;;
;NZ;1959;p99.5p99.9;217775.796875;;294440.0625;;;;;;;0.0314240046;;0.0314240046;;
;NZ;1959;p99p99.5;157162.921875;;212489.4375;;;;;;;0.0283472333;;0.0283472333;;
;NZ;1959;p95p100;118493.179688;;160206.671875;;;;;;;0.2137245834;;0.2137245834;;
;NZ;1959;p99.5p100;264331.53125;;357384.9375;;;;;;;0.0476770736;;0.0476770736;;
;NZ;1958;p0p100;26270.5898438;26270.5898438;35262.4296875;35262.4296875;;;;41192284160.0;55291490304.0;;;;;
;NZ;1958;p99p100;190640.75;;255892.859375;;;;;;;0.072568059;;0.072568059;;
;NZ;1958;p99.9p100;387655.21875;;520341.03125;;;;;;;0.0147560546;;0.0147560546;;
;NZ;1958;p90p100;83877.453125;;112586.851562;;;;;;;0.3192828298;;0.3192828298;;
;NZ;1958;p90p95;59222.6640625;;79493.2734375;;;;;;;0.1127166972;;0.1127166972;;
;NZ;1958;p95p99;88005.1484375;;118127.359375;;;;;;;0.1339980513;;0.1339980513;;
;NZ;1958;p99.5p99.9;199184.71875;;267361.21875;;;;;;;0.0303282309;;0.0303282309;;
;NZ;1958;p99p99.5;144403.140625;;193829.125;;;;;;;0.0274837762;;0.0274837762;;
;NZ;1958;p95p100;108532.242188;;145680.421875;;;;;;;0.2065661252;;0.2065661252;;
;NZ;1958;p99.5p100;236878.375;;317956.59375;;;;;;;0.0450842865;;0.0450842865;;
;NZ;1957;p0p100;28296.8320312;28296.8320312;34331.90625;34331.90625;;;;43605417984.0;52905467904.0;;;;;
;NZ;1957;p99p100;244866.40625;;297090.875;;;;;;;0.0865348279;;0.0865348279;;
;NZ;1957;p99.9p100;565075.8125;;685593.6875;;;;;;;0.0199693199;;0.0199693199;;
;NZ;1957;p90p100;96044.0625;;116528.085938;;;;;;;0.3394163549;;0.3394163549;;
;NZ;1957;p90p95;63681.421875;;77263.2265625;;;;;;;0.1125239655;;0.1125239655;;
;NZ;1957;p95p99;99291.8203125;;120468.515625;;;;;;;0.1403575689;;0.1403575689;;
;NZ;1957;p99.5p99.9;255296.53125;;309745.5;;;;;;;0.0360884257;;0.0360884257;;
;NZ;1957;p99p99.5;172481.15625;;209267.46875;;;;;;;0.0304770824;;0.0304770824;;
;NZ;1957;p95p100;128406.703125;;155792.9375;;;;;;;0.2268923968;;0.2268923968;;
;NZ;1957;p99.5p100;317251.65625;;384914.25;;;;;;;0.0560577475;;0.0560577475;;
;NZ;1956;p0p100;27406.4609375;27406.4609375;33864.1992188;33864.1992188;;;;41493381120.0;51270397952.0;;;;;
;NZ;1956;p99p100;244187.671875;;301725.21875;;;;;;;0.0890984908;;0.0890984908;;
;NZ;1956;p99.9p100;574895.375;;710357.0;;;;;;;0.0209763665;;0.0209763665;;
;NZ;1956;p90p100;96031.625;;118659.398438;;;;;;;0.3503978252;;0.3503978252;;
;NZ;1956;p90p95;63113.0117188;;77984.2265625;;;;;;;0.1151425987;;0.1151425987;;
;NZ;1956;p95p99;100140.929688;;123736.96875;;;;;;;0.1461567432;;0.1461567432;;
;NZ;1956;p99.5p99.9;249413.140625;;308181.9375;;;;;;;0.0364021659;;0.0364021659;;
;NZ;1956;p99p99.5;173866.53125;;214834.421875;;;;;;;0.0317199603;;0.0317199603;;
;NZ;1956;p95p100;128950.242188;;159334.578125;;;;;;;0.2352552414;;0.2352552414;;
;NZ;1956;p99.5p100;314508.8125;;388616.0;;;;;;;0.0573785305;;0.0573785305;;
;NZ;1955;p0p100;27117.8398438;27117.8398438;32648.640625;32648.640625;;;;40324227072.0;48548528128.0;;;;;
;NZ;1955;p99p100;237442.953125;;285870.46875;;;;;;;0.0875596032;;0.0875596032;;
;NZ;1955;p99.9p100;537182.8125;;646743.5625;;;;;;;0.019808948;;0.019808948;;
;NZ;1955;p90p100;92539.9765625;;111413.90625;;;;;;;0.3412513435;;0.3412513435;;
;NZ;1955;p90p95;60939.4648438;;73368.328125;;;;;;;0.1123604923;;0.1123604923;;
;NZ;1955;p95p99;95814.90625;;115356.773438;;;;;;;0.1413312554;;0.1413312554;;
;NZ;1955;p99.5p99.9;245715.3125;;295830.03125;;;;;;;0.0362441577;;0.0362441577;;
;NZ;1955;p99p99.5;170877.796875;;205729.0625;;;;;;;0.0315064974;;0.0315064974;;
;NZ;1955;p95p100;124140.484375;;149459.46875;;;;;;;0.228890866;;0.228890866;;
;NZ;1955;p99.5p100;304008.125;;366011.875;;;;;;;0.0560531057;;0.0560531057;;
;NZ;1954;p0p100;26815.0078125;26815.0078125;32680.3652344;32680.3652344;;;;39123095552.0;47680651264.0;;;;;
;NZ;1954;p99p100;255892.84375;;311865.34375;;;;;;;0.0954288766;;0.0954288766;;
;NZ;1954;p99.9p100;590366.75;;719500.0625;;;;;;;0.0220159963;;0.0220159963;;
;NZ;1954;p90p100;94915.9296875;;115677.28125;;;;;;;0.3539657891;;0.3539657891;;
;NZ;1954;p90p95;59559.0273438;;72586.6171875;;;;;;;0.1110554188;;0.1110554188;;
;NZ;1954;p95p99;98867.875;;120493.65625;;;;;;;0.1474814862;;0.1474814862;;
;NZ;1954;p99.5p99.9;264856.46875;;322789.625;;;;;;;0.0395087749;;0.0395087749;;
;NZ;1954;p99p99.5;181827.9375;;221599.90625;;;;;;;0.0339041054;;0.0339041054;;
;NZ;1954;p95p100;130272.835938;;158767.9375;;;;;;;0.2429103553;;0.2429103553;;
;NZ;1954;p99.5p100;329957.75;;402130.75;;;;;;;0.0615247712;;0.0615247712;;
;NZ;1953;p0p100;25768.7421875;25768.7421875;28814.1367188;28814.1367188;;;;36900835328.0;41261842432.0;;;;;
;NZ;1953;p99p100;255026.078125;;285165.5;;;;;;;0.0989671275;;0.0989671275;;
;NZ;1953;p99.9p100;599349.8125;;670182.0625;;;;;;;0.0232584942;;0.0232584942;;
;NZ;1953;p90p100;92588.1875;;103530.421875;;;;;;;0.3593043387;;0.3593043387;;
;NZ;1953;p90p95;57220.8398438;;63983.3007812;;;;;;;0.1110276431;;0.1110276431;;
;NZ;1953;p95p99;96187.953125;;107555.609375;;;;;;;0.1493095756;;0.1493095756;;
;NZ;1953;p99.5p99.9;263170.4375;;294272.375;;;;;;;0.0408511944;;0.0408511944;;
;NZ;1953;p99p99.5;179646.640625;;200877.59375;;;;;;;0.034857437;;0.034857437;;
;NZ;1953;p95p100;127955.539062;;143077.546875;;;;;;;0.2482767105;;0.2482767105;;
;NZ;1953;p99.5p100;330405.5;;369453.40625;;;;;;;0.0641096905;;0.0641096905;;
;NZ;1952;p0p100;25256.7519531;37054.6523438;28393.15625;41656.1289062;;;;35498356736.0;39906570240.0;;;;;
;NZ;1952;p99p100;;294327.1875;;330876.96875;;;;;;;0.0794304907;;0.0794304907;
;NZ;1952;p99.9p100;;678787.25;;763079.625;;;;;;;0.0183183085;;0.0183183085;
;NZ;1952;p90p100;;111681.09375;;125549.742188;;;;;;;0.3013956845;;0.3013956845;
;NZ;1952;p90p95;;70771.9375;;79560.453125;;;;;;;0.0954967141;;0.0954967141;
;NZ;1952;p95p99;;117156.070312;;131704.609375;;;;;;;0.1264684796;;0.1264684796;
;NZ;1952;p99.5p99.9;;303342.09375;;341011.34375;;;;;;;0.0327454358;;0.0327454358;
;NZ;1952;p99p99.5;;210224.15625;;236329.96875;;;;;;;0.0283667445;;0.0283667445;
;NZ;1952;p95p100;;152590.25;;171539.03125;;;;;;;0.2058989704;;0.2058989704;
;NZ;1952;p99.5p100;;378430.21875;;425424.0;;;;;;;0.0510637462;;0.0510637462;
;NZ;1951;p0p100;25245.6464844;37038.359375;27635.9609375;40545.234375;;;;34779017216.0;38071971840.0;;;;;
;NZ;1951;p99p100;;291964.65625;;319608.53125;;;;;;;0.0788275674;;0.0788275674;
;NZ;1951;p99.9p100;;686791.3125;;751818.3125;;;;;;;0.0185424667;;0.0185424667;
;NZ;1951;p90p100;;108601.257812;;118883.867188;;;;;;;0.2932130098;;0.2932130098;
;NZ;1951;p90p95;;68216.859375;;74675.7890625;;;;;;;0.092089504;;0.092089504;
;NZ;1951;p95p99;;113240.953125;;123962.867188;;;;;;;0.1222959384;;0.1222959384;
;NZ;1951;p99.5p99.9;;301785.78125;;330359.53125;;;;;;;0.0325917676;;0.0325917676;
;NZ;1951;p99p99.5;;205143.3125;;224566.75;;;;;;;0.0276933331;;0.0276933331;
;NZ;1951;p95p100;;148985.65625;;163091.953125;;;;;;;0.2011235058;;0.2011235058;
;NZ;1951;p99.5p100;;378785.96875;;414650.28125;;;;;;;0.0511342324;;0.0511342324;
;NZ;1950;p0p100;27656.5722656;40575.4726562;30825.6972656;45224.953125;;;;37613465600.0;41923534848.0;;;;;
;NZ;1950;p99p100;;382908.625;;426785.53125;;;;;;;0.0943693891;;0.0943693891;
;NZ;1950;p99.9p100;;905666.75;;1009445.75;;;;;;;0.0223202594;;0.0223202594;
;NZ;1950;p90p100;;127095.273438;;141658.921875;;;;;;;0.3132318556;;0.3132318556;
;NZ;1950;p90p95;;70874.40625;;78995.796875;;;;;;;0.0873365328;;0.0873365328;
;NZ;1950;p95p99;;133418.09375;;148706.265625;;;;;;;0.1315259188;;0.1315259188;
;NZ;1950;p99.5p99.9;;399062.5625;;444790.53125;;;;;;;0.0393403545;;0.0393403545;
;NZ;1950;p99p99.5;;265435.03125;;295850.84375;;;;;;;0.0327087715;;0.0327087715;
;NZ;1950;p95p100;;183316.140625;;204322.046875;;;;;;;0.2258953154;;0.2258953154;
;NZ;1950;p99.5p100;;500382.1875;;557720.25;;;;;;;0.0616606139;;0.0616606139;
;NZ;1949;p0p100;24490.453125;35930.3984375;;;;;;32948176896.0;;;;;;
;NZ;1949;p99p100;;288074.96875;;;;;;;;;0.0801757574;;0.0801757574;
;NZ;1949;p99.9p100;;688419.3125;;;;;;;;;0.0191595536;;0.0191595536;
;NZ;1949;p90p100;;106200.890625;;;;;;;;;0.2955739796;;0.2955739796;
;NZ;1949;p90p95;;66379.75;;;;;;;;;0.092372708;;0.092372708;
;NZ;1949;p95p99;;110508.84375;;;;;;;;;0.1230255216;;0.1230255216;
;NZ;1949;p99.5p99.9;;300484.28125;;;;;;;;;0.033451885;;0.033451885;
;NZ;1949;p99p99.5;;198079.609375;;;;;;;;;0.0275643226;;0.0275643226;
;NZ;1949;p95p100;;146022.03125;;;;;;;;;0.203201279;;0.203201279;
;NZ;1949;p99.5p100;;378070.34375;;;;;;;;;0.0526114367;;0.0526114367;
;NZ;1948;p0p100;22354.8691406;32797.2460938;;;;;;29681508352.0;;;;;;
;NZ;1948;p99p100;;253743.859375;;;;;;;;;0.0773673505;;0.0773673505;
;NZ;1948;p99.9p100;;612244.5;;;;;;;;;0.0186673161;;0.0186673161;
;NZ;1948;p90p100;;94442.2421875;;;;;;;;;0.2879578769;;0.2879578769;
;NZ;1948;p90p95;;59881.078125;;;;;;;;;0.0912898108;;0.0912898108;
;NZ;1948;p95p99;;97818.328125;;;;;;;;;0.1193007231;;0.1193007231;
;NZ;1948;p99.5p99.9;;264092.8125;;;;;;;;;0.0322092101;;0.0322092101;
;NZ;1948;p99p99.5;;173765.40625;;;;;;;;;0.0264908262;;0.0264908262;
;NZ;1948;p95p100;;129003.398438;;;;;;;;;0.1966680735;;0.1966680735;
;NZ;1948;p99.5p100;;333722.3125;;;;;;;;;0.050876528;;0.050876528;
;NZ;1947;p0p100;23290.4570312;34169.8632812;;;;;;30547857408.0;;;;;;
;NZ;1947;p99p100;;263699.9375;;;;;;;;;0.0771731809;;0.0771731809;
;NZ;1947;p99.9p100;;603528.125;;;;;;;;;0.0176623594;;0.0176623594;
;NZ;1947;p90p100;;97166.1328125;;;;;;;;;0.2843621373;;0.2843621373;
;NZ;1947;p90p95;;60787.2421875;;;;;;;;;0.0889486372;;0.0889486372;
;NZ;1947;p95p99;;101006.34375;;;;;;;;;0.1182403266;;0.1182403266;
;NZ;1947;p99.5p99.9;;278948.59375;;;;;;;;;0.0326544084;;0.0326544084;
;NZ;1947;p99p99.5;;183536.171875;;;;;;;;;0.026856415;;0.026856415;
;NZ;1947;p95p100;;133545.03125;;;;;;;;;0.195413515;;0.195413515;
;NZ;1947;p99.5p100;;343863.71875;;;;;;;;;0.0503167659;;0.0503167659;
;NZ;1946;p0p100;22565.5136719;33106.2851562;;;;;;29199745024.0;;;;;;
;NZ;1946;p99p100;;248388.625;;;;;;;;;0.0750275627;;0.0750275627;
;NZ;1946;p99.9p100;;583149.625;;;;;;;;;0.0176142398;;0.0176142398;
;NZ;1946;p90p100;;89725.8984375;;;;;;;;;0.2710238099;;0.2710238099;
;NZ;1946;p90p95;;56669.9726562;;;;;;;;;0.0855879486;;0.0855879486;
;NZ;1946;p95p99;;91380.1796875;;;;;;;;;0.1104083061;;0.1104083061;
;NZ;1946;p99.5p99.9;;259763.921875;;;;;;;;;0.0313855149;;0.0313855149;
;NZ;1946;p99p99.5;;172336.96875;;;;;;;;;0.0260278061;;0.0260278061;
;NZ;1946;p95p100;;122781.828125;;;;;;;;;0.1854358613;;0.1854358613;
;NZ;1946;p99.5p100;;324440.28125;;;;;;;;;0.0489997528;;0.0489997528;
;NZ;1945;p0p100;21850.4492188;32057.2011719;;;;;;27440963584.0;;;;;;
;NZ;1945;p99p100;;220572.890625;;;;;;;;;0.0688059703;;0.0688059703;
;NZ;1945;p99.9p100;;512476.21875;;;;;;;;;0.0159860998;;0.0159860998;
;NZ;1945;p90p100;;80980.109375;;;;;;;;;0.2526113689;;0.2526113689;
;NZ;1945;p90p95;;52455.015625;;;;;;;;;0.0818147361;;0.0818147361;
;NZ;1945;p95p99;;81738.328125;;;;;;;;;0.1019906551;;0.1019906551;
;NZ;1945;p99.5p99.9;;232095.15625;;;;;;;;;0.028960187;;0.028960187;
;NZ;1945;p99p99.5;;152975.0625;;;;;;;;;0.0238596834;;0.0238596834;
;NZ;1945;p95p100;;109505.203125;;;;;;;;;0.1707966328;;0.1707966328;
;NZ;1945;p99.5p100;;288170.6875;;;;;;;;;0.0449462868;;0.0449462868;
;NZ;1940;p0p100;14820.0380859;21742.7539062;;;;;;19220594688.0;;;;;;
;NZ;1940;p99p100;;161268.390625;;;;;;;;;0.0741710216;;0.0741710216;
;NZ;1940;p99.9p100;;363380.0625;;;;;;;;;0.0167124812;;0.0167124812;
;NZ;1940;p90p100;;62325.9921875;;;;;;;;;0.2866518497;;0.2866518497;
;NZ;1940;p90p95;;41331.375;;;;;;;;;0.0950463414;;0.0950463414;
;NZ;1940;p95p99;;63833.6953125;;;;;;;;;0.1174344867;;0.1174344867;
;NZ;1940;p99.5p99.9;;171783.3125;;;;;;;;;0.0316029266;;0.0316029266;
;NZ;1940;p99p99.5;;112434.578125;;;;;;;;;0.0258556176;;0.0258556176;
;NZ;1940;p95p100;;83320.609375;;;;;;;;;0.1916055083;;0.1916055083;
;NZ;1940;p99.5p100;;210102.203125;;;;;;;;;0.0483154058;;0.0483154058;
;NZ;1939;p0p100;13985.4736328;20518.3496094;;;;;;18281848832.0;;;;;;
;NZ;1939;p99p100;;160990.65625;;;;;;;;;0.0784617215;;0.0784617215;
;NZ;1939;p99.9p100;;382131.09375;;;;;;;;;0.0186236314;;0.0186236314;
;NZ;1939;p90p100;;60979.03125;;;;;;;;;0.2971927524;;0.2971927524;
;NZ;1939;p90p95;;40202.7695312;;;;;;;;;0.0979678705;;0.0979678705;
;NZ;1939;p95p99;;61946.4804688;;;;;;;;;0.1207631528;;0.1207631528;
;NZ;1939;p99.5p99.9;;168425.40625;;;;;;;;;0.0328341722;;0.0328341722;
;NZ;1939;p99p99.5;;110815.28125;;;;;;;;;0.0270039216;;0.0270039216;
;NZ;1939;p95p100;;81755.2890625;;;;;;;;;0.1992248744;;0.1992248744;
;NZ;1939;p99.5p100;;211166.03125;;;;;;;;;0.0514578037;;0.0514578037;
;NZ;1938;p0p100;13841.5839844;20307.2460938;;;;;;18093756416.0;;;;;;
;NZ;1938;p99p100;;148676.1875;;;;;;;;;0.0732133016;;0.0732133016;
;NZ;1938;p99.9p100;;337834.78125;;;;;;;;;0.0166359544;;0.0166359544;
;NZ;1938;p90p100;;56124.3828125;;;;;;;;;0.2763762176;;0.2763762176;
;NZ;1938;p90p95;;37241.15625;;;;;;;;;0.0916942805;;0.0916942805;
;NZ;1938;p95p99;;56590.4921875;;;;;;;;;0.1114686355;;0.1114686355;
;NZ;1938;p99.5p99.9;;158538.921875;;;;;;;;;0.0312281121;;0.0312281121;
;NZ;1938;p99p99.5;;102954.71875;;;;;;;;;0.0253492333;;0.0253492333;
;NZ;1938;p95p100;;75007.609375;;;;;;;;;0.1846819371;;0.1846819371;
;NZ;1938;p99.5p100;;194397.65625;;;;;;;;;0.0478640683;;0.0478640683;
;NZ;1937;p0p100;12786.9238281;18759.9355469;;;;;;16752622592.0;;;;;;
;NZ;1937;p99p100;;156293.125;;;;;;;;;0.0833121017;;0.0833121017;
;NZ;1937;p99.9p100;;358938.84375;;;;;;;;;0.0191330202;;0.0191330202;
;NZ;1937;p90p100;;56952.4492188;;;;;;;;;0.3035855889;;0.3035855889;
;NZ;1937;p90p95;;36936.7226562;;;;;;;;;0.0984457806;;0.0984457806;
;NZ;1937;p95p99;;57136.9648438;;;;;;;;;0.1218277067;;0.1218277067;
;NZ;1937;p99.5p99.9;;167500.796875;;;;;;;;;0.0357146524;;0.0357146524;
;NZ;1937;p99p99.5;;106798.289062;;;;;;;;;0.0284644328;;0.0284644328;
;NZ;1937;p95p100;;76968.171875;;;;;;;;;0.2051398158;;0.2051398158;
;NZ;1937;p99.5p100;;205787.953125;;;;;;;;;0.0548476726;;0.0548476726;
;NZ;1936;p0p100;12395.1025391;18185.0859375;;;;;;16293836800.0;;;;;;
;NZ;1936;p99p100;;193911.453125;;;;;;;;;0.1066320315;;0.1066320315;
;NZ;1936;p99.9p100;;510686.5625;;;;;;;;;0.028082354;;0.028082354;
;NZ;1936;p90p100;;62725.2070312;;;;;;;;;0.3449267447;;0.3449267447;
;NZ;1936;p90p95;;37609.0234375;;;;;;;;;0.1034062579;;0.1034062579;
;NZ;1936;p95p99;;61323.9179688;;;;;;;;;0.1348884553;;0.1348884553;
;NZ;1936;p99.5p99.9;;203335.671875;;;;;;;;;0.0447259024;;0.0447259024;
;NZ;1936;p99p99.5;;123017.78125;;;;;;;;;0.033823777;;0.033823777;
;NZ;1936;p95p100;;87841.390625;;;;;;;;;0.2415204793;;0.2415204793;
;NZ;1936;p99.5p100;;264805.125;;;;;;;;;0.0728082508;;0.0728082508;
;NZ;1935;p0p100;10542.9042969;15467.6914062;;;;;;13657971712.0;;;;;;
;NZ;1935;p99p100;;160259.296875;;;;;;;;;0.1036089584;;0.1036089584;
;NZ;1935;p99.9p100;;427734.0;;;;;;;;;0.0276530273;;0.0276530273;
;NZ;1935;p95p99;;55246.3242188;;;;;;;;;0.1428690404;;0.1428690404;
;NZ;1935;p99.5p99.9;;161014.203125;;;;;;;;;0.0416389294;;0.0416389294;
;NZ;1935;p99p99.5;;106161.070312;;;;;;;;;0.0343170054;;0.0343170054;
;NZ;1935;p95p100;;76248.890625;;;;;;;;;0.2464779913;;0.2464779913;
;NZ;1935;p99.5p100;;214357.515625;;;;;;;;;0.0692919567;;0.0692919567;
;NZ;1934;p0p100;9537.60644531;13992.8007812;;;;;;12215714816.0;;;;;;
;NZ;1934;p99p100;;145848.5625;;;;;;;;;0.1042310372;;0.1042310372;
;NZ;1934;p99.9p100;;349113.34375;;;;;;;;;0.0249491762;;0.0249491762;
;NZ;1934;p90p100;;53137.0585938;;;;;;;;;0.3797457814;;0.3797457814;
;NZ;1934;p90p95;;34518.1757812;;;;;;;;;0.1233426556;;0.1233426556;
;NZ;1934;p95p99;;53232.8085938;;;;;;;;;0.1521720737;;0.1521720737;
;NZ;1934;p99.5p99.9;;156327.34375;;;;;;;;;0.0446880274;;0.0446880274;
;NZ;1934;p99p99.5;;96813.03125;;;;;;;;;0.0345938392;;0.0345938392;
;NZ;1934;p95p100;;71755.9375;;;;;;;;;0.2564031184;;0.2564031184;
;NZ;1934;p99.5p100;;194884.078125;;;;;;;;;0.0696372017;;0.0696372017;
;NZ;1933;p0p100;9483.2265625;13913.0185547;;;;;;11993022464.0;;;;;;
;NZ;1933;p99p100;;151055.921875;;;;;;;;;0.1085715294;;0.1085715294;
;NZ;1933;p99.9p100;;391357.34375;;;;;;;;;0.0281284954;;0.0281284954;
;NZ;1933;p90p100;;53045.6835938;;;;;;;;;0.3812666237;;0.3812666237;
;NZ;1933;p90p95;;33761.6210938;;;;;;;;;0.1213310733;;0.1213310733;
;NZ;1933;p95p99;;52648.234375;;;;;;;;;0.1513640285;;0.1513640285;
;NZ;1933;p99.5p99.9;;159223.578125;;;;;;;;;0.0457769521;;0.0457769521;
;NZ;1933;p99p99.5;;96462.0703125;;;;;;;;;0.0346660838;;0.0346660838;
;NZ;1933;p95p100;;72329.75;;;;;;;;;0.2599355578;;0.2599355578;
;NZ;1933;p99.5p100;;205649.765625;;;;;;;;;0.0739054456;;0.0739054456;
;NZ;1932;p0p100;8700.1328125;12764.1269531;;;;;;10849508352.0;;;;;;
;NZ;1931;p0p100;8657.39453125;12701.4248047;;;;;;10643794944.0;;;;;;
;NZ;1930;p0p100;9082.6640625;13325.3447266;;;;;;10953433088.0;;;;;;
;NZ;1930;p99p100;;140826.359375;;;;;;;;;0.1056829765;;0.1056829765;
;NZ;1930;p99.9p100;;345935.03125;;;;;;;;;0.0259603448;;0.0259603448;
;NZ;1930;p90p100;;51143.3242188;;;;;;;;;0.3838049471;;0.3838049471;
;NZ;1930;p90p95;;32551.8945312;;;;;;;;;0.1221428066;;0.1221428066;
;NZ;1930;p95p99;;51961.8828125;;;;;;;;;0.1559791714;;0.1559791714;
;NZ;1930;p99.5p99.9;;148591.1875;;;;;;;;;0.0446041673;;0.0446041673;
;NZ;1930;p99p99.5;;93593.234375;;;;;;;;;0.0351184681;;0.0351184681;
;NZ;1930;p95p100;;69734.7578125;;;;;;;;;0.2616621554;;0.2616621554;
;NZ;1930;p99.5p100;;188059.484375;;;;;;;;;0.0705645084;;0.0705645084;
;NZ;1929;p0p100;10352.4306641;15188.2431641;;;;;;12241723392.0;;;;;;
;NZ;1929;p99p100;;166911.765625;;;;;;;;;0.1098952666;;0.1098952666;
;NZ;1929;p99.9p100;;436932.875;;;;;;;;;0.0287674628;;0.0287674628;
;NZ;1929;p90p100;;55503.2695312;;;;;;;;;0.3654358089;;0.3654358089;
;NZ;1929;p90p95;;33602.59375;;;;;;;;;0.1106204391;;0.1106204391;
;NZ;1929;p95p99;;55027.0195312;;;;;;;;;0.1449201107;;0.1449201107;
;NZ;1929;p99.5p99.9;;174736.515625;;;;;;;;;0.0460189804;;0.0460189804;
;NZ;1929;p99p99.5;;106648.375;;;;;;;;;0.0351088233;;0.0351088233;
;NZ;1929;p95p100;;77403.9453125;;;;;;;;;0.2548153698;;0.2548153698;
;NZ;1929;p99.5p100;;227175.171875;;;;;;;;;0.0747864395;;0.0747864395;
;NZ;1928;p0p100;10753.5732422;15776.7685547;;;;;;12510977024.0;;;;;;
;NZ;1928;p99p100;;180928.421875;;;;;;;;;0.114680171;;0.114680171;
;NZ;1928;p99.9p100;;500876.6875;;;;;;;;;0.03174733;;0.03174733;
;NZ;1928;p90p100;;56556.1015625;;;;;;;;;0.3584771752;;0.3584771752;
;NZ;1928;p90p95;;32911.2578125;;;;;;;;;0.1043029353;;0.1043029353;
;NZ;1928;p95p99;;55019.1171875;;;;;;;;;0.1394940913;;0.1394940913;
;NZ;1928;p99.5p99.9;;189528.390625;;;;;;;;;0.0480526239;;0.0480526239;
;NZ;1928;p99p99.5;;110059.523438;;;;;;;;;0.0348802172;;0.0348802172;
;NZ;1928;p95p100;;80200.9453125;;;;;;;;;0.2541742623;;0.2541742623;
;NZ;1928;p99.5p100;;251797.3125;;;;;;;;;0.0797999501;;0.0797999501;
;NZ;1927;p0p100;10407.6865234;15269.3105469;;;;;;11894792192.0;;;;;;
;NZ;1927;p99p100;;162521.234375;;;;;;;;;0.106436424;;0.106436424;
;NZ;1927;p99.9p100;;411208.53125;;;;;;;;;0.0269300453;;0.0269300453;
;NZ;1927;p90p100;;54495.8359375;;;;;;;;;0.3568978906;;0.3568978906;
;NZ;1927;p90p95;;32690.2070312;;;;;;;;;0.1070454791;;0.1070454791;
;NZ;1927;p95p99;;54746.5507812;;;;;;;;;0.1434159726;;0.1434159726;
;NZ;1927;p99.5p99.9;;171914.421875;;;;;;;;;0.0450353734;;0.0450353734;
;NZ;1927;p99p99.5;;105269.796875;;;;;;;;;0.0344710052;;0.0344710052;
;NZ;1927;p95p100;;76301.4609375;;;;;;;;;0.249852404;;0.249852404;
;NZ;1927;p99.5p100;;219772.6875;;;;;;;;;0.0719654188;;0.0719654188;
;NZ;1926;p0p100;10172.3769531;14924.0830078;;;;;;11357227008.0;;;;;;
;NZ;1926;p99p100;;161775.28125;;;;;;;;;0.1083986983;;0.1083986983;
;NZ;1926;p99.9p100;;415716.96875;;;;;;;;;0.0278550871;;0.0278550871;
;NZ;1926;p90p100;;53328.5078125;;;;;;;;;0.3573319614;;0.3573319614;
;NZ;1926;p90p95;;31513.2382812;;;;;;;;;0.1055784971;;0.1055784971;
;NZ;1926;p95p99;;53485.9296875;;;;;;;;;0.1433547586;;0.1433547586;
;NZ;1926;p99.5p99.9;;170850.78125;;;;;;;;;0.0457920581;;0.0457920581;
;NZ;1926;p99p99.5;;103727.117188;;;;;;;;;0.0347515531;;0.0347515531;
;NZ;1926;p95p100;;75143.7734375;;;;;;;;;0.2517534494;;0.2517534494;
;NZ;1926;p99.5p100;;219823.4375;;;;;;;;;0.0736471415;;0.0736471415;
;NZ;1925;p0p100;10427.9755859;15299.0771484;;;;;;11336615936.0;;;;;;
;NZ;1925;p99p100;;169540.671875;;;;;;;;;0.1108174771;;0.1108174771;
;NZ;1925;p99.9p100;;446508.75;;;;;;;;;0.0291849617;;0.0291849617;
;NZ;1925;p90p100;;53508.0976562;;;;;;;;;0.3497473001;;0.3497473001;
;NZ;1925;p90p95;;30045.1933594;;;;;;;;;0.0981928557;;0.0981928557;
;NZ;1925;p95p99;;53828.6171875;;;;;;;;;0.1407369673;;0.1407369673;
;NZ;1925;p99.5p99.9;;179217.421875;;;;;;;;;0.0468571484;;0.0468571484;
;NZ;1925;p99p99.5;;106406.304688;;;;;;;;;0.0347753651;;0.0347753651;
;NZ;1925;p95p100;;76971.0;;;;;;;;;0.2515544593;;0.2515544593;
;NZ;1925;p99.5p100;;232675.046875;;;;;;;;;0.0760421082;;0.0760421082;
;NZ;1924;p0p100;10890.8945312;15978.234375;;;;;;11520307200.0;;;;;;
;NZ;1924;p99p100;;173928.75;;;;;;;;;0.1088534445;;0.1088534445;
;NZ;1924;p99.9p100;;465328.4375;;;;;;;;;0.0291222688;;0.0291222688;
;NZ;1924;p90p100;;53891.0625;;;;;;;;;0.3372780383;;0.3372780383;
;NZ;1924;p90p95;;29576.9179688;;;;;;;;;0.0925537944;;0.0925537944;
;NZ;1924;p95p99;;54274.359375;;;;;;;;;0.1358707994;;0.1358707994;
;NZ;1924;p99.5p99.9;;183526.328125;;;;;;;;;0.0459441766;;0.0459441766;
;NZ;1924;p99p99.5;;107971.421875;;;;;;;;;0.0337870009;;0.0337870009;
;NZ;1924;p95p100;;78205.2109375;;;;;;;;;0.2447242439;;0.2447242439;
;NZ;1924;p99.5p100;;239886.078125;;;;;;;;;0.0750664473;;0.0750664473;
;NZ;1923;p0p100;10959.9609375;16079.5625;;;;;;11320011776.0;;;;;;
;NZ;1923;p99p100;;175972.578125;;;;;;;;;0.1094385535;;0.1094385535;
;NZ;1923;p99.9p100;;476175.1875;;;;;;;;;0.0296133086;;0.0296133086;
;NZ;1923;p95p99;;55371.5820312;;;;;;;;;0.1377440691;;0.1377440691;
;NZ;1923;p99.5p99.9;;183988.140625;;;;;;;;;0.0457695276;;0.0457695276;
;NZ;1923;p99p99.5;;109520.320312;;;;;;;;;0.0340557173;;0.0340557173;
;NZ;1923;p95p100;;79491.75;;;;;;;;;0.2471826226;;0.2471826226;
;NZ;1923;p99.5p100;;242424.84375;;;;;;;;;0.0753828362;;0.0753828362;
;NZ;1922;p0p100;10571.4580078;15509.5830078;;;;;;10670593024.0;;;;;;
;NZ;1922;p99p100;;162344.34375;;;;;;;;;0.1046734676;;0.1046734676;
;NZ;1922;p99.9p100;;447568.84375;;;;;;;;;0.0288571976;;0.0288571976;
;NZ;1922;p95p99;;51846.875;;;;;;;;;0.1337157935;;0.1337157935;
;NZ;1922;p99.5p99.9;;168194.765625;;;;;;;;;0.043378368;;0.043378368;
;NZ;1922;p99p99.5;;100619.765625;;;;;;;;;0.0324379019;;0.0324379019;
;NZ;1922;p95p100;;73946.34375;;;;;;;;;0.2383892685;;0.2383892685;
;NZ;1922;p99.5p100;;224068.90625;;;;;;;;;0.0722355694;;0.0722355694;
