Variable Name;.;.;.;Fiscal income  | individuals | Average | Adults | constant 2015 local currency;Fiscal income  | tax unit | Average | Adults | constant 2015 local currency;Pre-tax national income  | individuals | Average | Adults | constant 2015 local currency;Pre-tax national income  | tax unit | Average | Adults | constant 2015 local currency;Fiscal income  | individuals | Beta coefficient | Adults | constant 2015 local currency;Pre-tax national income  | individuals | Beta coefficient | Adults | constant 2015 local currency;Fiscal income  | individuals | Total | All Ages | constant 2015 local currency;Pre-tax national income  | individuals | Total | All Ages | constant 2015 local currency;Fiscal income  | individuals | Share | Adults | share of total (ratio);Fiscal income  | tax unit | Share | Adults | share of total (ratio);Pre-tax national income  | individuals | Share | Adults | share of total (ratio);Pre-tax national income  | tax unit | Share | Adults | share of total (ratio);Fiscal income  | individuals | Threshold | Adults | constant 2015 local currency;Pre-tax national income  | individuals | Threshold | Adults | constant 2015 local currency
Variable Category;.;.;.;Income inequality;Income inequality;Income inequality;Income inequality;Income inequality;Income inequality;Income inequality;Income inequality;Income inequality;Income inequality;Income inequality;Income inequality;Income inequality;Income inequality
Variable Description;.;.;.;Average Fiscal income within a given percentile group. Fiscal income is defined as the sum of all income items reported on income tax returns, before any deduction. It includes labour income, capital income and mixed income. The concept of fiscal income varies with national tax legislations, so in order to make international comparisons it is preferable to use the concept of national income. The population is comprised of individuals over age 20. The base unit is the individual (rather than the household). This is equivalent to assuming no sharing of resources within couples.;Average Fiscal income within a given percentile group. Fiscal income is defined as the sum of all income items reported on income tax returns, before any deduction. It includes labour income, capital income and mixed income. The concept of fiscal income varies with national tax legislations, so in order to make international comparisons it is preferable to use the concept of national income. The population is comprised of individuals over age 20. The base unit is the tax unit defined by national fiscal administrations to measure personal income taxes.;Average Pre-tax national income within a given percentile group. Pre-tax national income  is the sum of all pre-tax personal income flows accruing to the owners of the production factors, labor and capital, before taking into account the operation of the tax/transfer system, but after taking into account the operation of pension system. The central difference between personal factor income and pre-tax income is the treatment of pensions, which are counted on a contribution basis by factor income and on a distribution basis by pre-tax income. The population is comprised of individuals over age 20. The base unit is the individual (rather than the household). This is equivalent to assuming no sharing of resources within couples.;Average Pre-tax national income within a given percentile group. Pre-tax national income  is the sum of all pre-tax personal income flows accruing to the owners of the production factors, labor and capital, before taking into account the operation of the tax/transfer system, but after taking into account the operation of pension system. The central difference between personal factor income and pre-tax income is the treatment of pensions, which are counted on a contribution basis by factor income and on a distribution basis by pre-tax income. The population is comprised of individuals over age 20. The base unit is the tax unit defined by national fiscal administrations to measure personal income taxes.;The beta coefficient corresponds to the inverted Pareto-Lorenz coefficient. It is equal to mean income over percentile <percentile>. A coefficient b=2=200% for an income level 100 000 EUR means that the average income above 100 000 EUR is 200 000 EUR, a coefficient of 3 or 300% at income level 1 000 000 EUR means that the average income level above 1 000 000 EUR in a given population is 3 000 000 EUR.;The beta coefficient corresponds to the inverted Pareto-Lorenz coefficient. It is equal to mean income over percentile <percentile>. A coefficient b=2=200% for an income level 100 000 EUR means that the average income above 100 000 EUR is 200 000 EUR, a coefficient of 3 or 300% at income level 1 000 000 EUR means that the average income level above 1 000 000 EUR in a given population is 3 000 000 EUR.;Total Fiscal income  within a given percentile group. Fiscal income is defined as the sum of all income items reported on income tax returns, before any deduction. It includes labour income, capital income and mixed income. The concept of fiscal income varies with national tax legislations, so in order to make international comparisons it is preferable to use the concept of national income. The population is comprised of individuals of all ages.;Total Pre-tax national income  within a given percentile group. Pre-tax national income  is the sum of all pre-tax personal income flows accruing to the owners of the production factors, labor and capital, before taking into account the operation of the tax/transfer system, but after taking into account the operation of pension system. The central difference between personal factor income and pre-tax income is the treatment of pensions, which are counted on a contribution basis by factor income and on a distribution basis by pre-tax income. The population is comprised of individuals of all ages.;Fiscal income share held by a given percentile group. Fiscal income is defined as the sum of all income items reported on income tax returns, before any deduction. It includes labour income, capital income and mixed income. The concept of fiscal income varies with national tax legislations, so in order to make international comparisons it is preferable to use the concept of national income. The population is comprised of individuals over age 20. The base unit is the individual (rather than the household). This is equivalent to assuming no sharing of resources within couples.;Fiscal income share held by a given percentile group. Fiscal income is defined as the sum of all income items reported on income tax returns, before any deduction. It includes labour income, capital income and mixed income. The concept of fiscal income varies with national tax legislations, so in order to make international comparisons it is preferable to use the concept of national income. The population is comprised of individuals over age 20. The base unit is the tax unit defined by national fiscal administrations to measure personal income taxes.;Pre-tax national income share held by a given percentile group. Pre-tax national income  is the sum of all pre-tax personal income flows accruing to the owners of the production factors, labor and capital, before taking into account the operation of the tax/transfer system, but after taking into account the operation of pension system. The central difference between personal factor income and pre-tax income is the treatment of pensions, which are counted on a contribution basis by factor income and on a distribution basis by pre-tax income. The population is comprised of individuals over age 20. The base unit is the individual (rather than the household). This is equivalent to assuming no sharing of resources within couples.;Pre-tax national income share held by a given percentile group. Pre-tax national income  is the sum of all pre-tax personal income flows accruing to the owners of the production factors, labor and capital, before taking into account the operation of the tax/transfer system, but after taking into account the operation of pension system. The central difference between personal factor income and pre-tax income is the treatment of pensions, which are counted on a contribution basis by factor income and on a distribution basis by pre-tax income. The population is comprised of individuals over age 20. The base unit is the tax unit defined by national fiscal administrations to measure personal income taxes.;Fiscal income threshold value at a given percentile.  Fiscal income is defined as the sum of all income items reported on income tax returns, before any deduction. It includes labour income, capital income and mixed income. The concept of fiscal income varies with national tax legislations, so in order to make international comparisons it is preferable to use the concept of national income. The population is comprised of individuals over age 20. The base unit is the individual (rather than the household). This is equivalent to assuming no sharing of resources within couples.;Pre-tax national income threshold value at a given percentile.  Pre-tax national income  is the sum of all pre-tax personal income flows accruing to the owners of the production factors, labor and capital, before taking into account the operation of the tax/transfer system, but after taking into account the operation of pension system. The central difference between personal factor income and pre-tax income is the treatment of pensions, which are counted on a contribution basis by factor income and on a distribution basis by pre-tax income. The population is comprised of individuals over age 20. The base unit is the individual (rather than the household). This is equivalent to assuming no sharing of resources within couples.
Variable Decomposition;.;.;.;[Fiscal income ]=[Fiscal labour income ]+[Fiscal capital income ];[Fiscal income ]=[Fiscal labour income ]+[Fiscal capital income ];Pre-tax national income =Pre-tax labor income [total pre-tax income ranking]+Pre-tax capital income [total pre-tax income ranking];Pre-tax national income =Pre-tax labor income [total pre-tax income ranking]+Pre-tax capital income [total pre-tax income ranking];[Fiscal income ]=[Fiscal labour income ]+[Fiscal capital income ];Pre-tax national income =Pre-tax labor income [total pre-tax income ranking]+Pre-tax capital income [total pre-tax income ranking];[Fiscal income ]=[Fiscal labour income ]+[Fiscal capital income ];Pre-tax national income =Pre-tax labor income [total pre-tax income ranking]+Pre-tax capital income [total pre-tax income ranking];[Fiscal income ]=[Fiscal labour income ]+[Fiscal capital income ];[Fiscal income ]=[Fiscal labour income ]+[Fiscal capital income ];Pre-tax national income =Pre-tax labor income [total pre-tax income ranking]+Pre-tax capital income [total pre-tax income ranking];Pre-tax national income =Pre-tax labor income [total pre-tax income ranking]+Pre-tax capital income [total pre-tax income ranking];[Fiscal income ]=[Fiscal labour income ]+[Fiscal capital income ];Pre-tax national income =Pre-tax labor income [total pre-tax income ranking]+Pre-tax capital income [total pre-tax income ranking]
Variable Unit;.;.;.;"ZAR; South African rand | local currency | market";"ZAR; South African rand | local currency | market";"ZAR; South African rand | local currency | market";"ZAR; South African rand | local currency | market";;;"ZAR; South African rand | local currency | market";"ZAR; South African rand | local currency | market";share;share;share;share;"ZAR; South African rand | local currency | market";"ZAR; South African rand | local currency | market"
Methodological Notes;.;.;.;"Adults are individuals aged 15+. Excludes capital gains. The series are presented in two distinct columns, following the change in the definition of the tax unit between 1989 and 1990. Tax units are: individuals aged 15+ minus married women until 1989; individuals aged 15+ from 1990. Excludes capital gains.";"Adults are individuals aged 15+. Excludes capital gains. The series are presented in two distinct columns, following the change in the definition of the tax unit between 1989 and 1990. Tax units are: individuals aged 15+ minus married women until 1989; individuals aged 15+ from 1990. Excludes capital gains.";Fiscal income rescaled to match the macroeconomic aggregates.;Fiscal income rescaled to match the macroeconomic aggregates.;"Adults are individuals aged 15+. Excludes capital gains. The series are presented in two distinct columns, following the change in the definition of the tax unit between 1989 and 1990. Tax units are: individuals aged 15+ minus married women until 1989; individuals aged 15+ from 1990. Excludes capital gains.";Fiscal income rescaled to match the macroeconomic aggregates.;"Adults are individuals aged 15+. Excludes capital gains. The series are presented in two distinct columns, following the change in the definition of the tax unit between 1989 and 1990. Tax units are: individuals aged 15+ minus married women until 1989; individuals aged 15+ from 1990. Excludes capital gains.";Fiscal income rescaled to match the macroeconomic aggregates.;"Adults are individuals aged 15+. Excludes capital gains. The series are presented in two distinct columns, following the change in the definition of the tax unit between 1989 and 1990. Tax units are: individuals aged 15+ minus married women until 1989; individuals aged 15+ from 1990. Excludes capital gains.";"Adults are individuals aged 15+. Excludes capital gains. The series are presented in two distinct columns, following the change in the definition of the tax unit between 1989 and 1990. Tax units are: individuals aged 15+ minus married women until 1989; individuals aged 15+ from 1990. Excludes capital gains.";Fiscal income rescaled to match the macroeconomic aggregates.;Fiscal income rescaled to match the macroeconomic aggregates.;"Adults are individuals aged 15+. Excludes capital gains. The series are presented in two distinct columns, following the change in the definition of the tax unit between 1989 and 1990. Tax units are: individuals aged 15+ minus married women until 1989; individuals aged 15+ from 1990. Excludes capital gains.";Fiscal income rescaled to match the macroeconomic aggregates.
Sources;.;.;.;Alvaredo, Facundo and Atkinson,  Anthony B. (2011). Colonial Rule, Apartheid and Natural Resources: Top Incomes in South Africa 1903-2007. CEPR Discussion Paper 8155. Series updated by the same authors.;Alvaredo, Facundo and Atkinson,  Anthony B. (2011). Colonial Rule, Apartheid and Natural Resources: Top Incomes in South Africa 1903-2007. CEPR Discussion Paper 8155. Series updated by the same authors.;WID.world computations using fiscal and net national income.;WID.world computations using fiscal and net national income.;Alvaredo, Facundo and Atkinson,  Anthony B. (2011). Colonial Rule, Apartheid and Natural Resources: Top Incomes in South Africa 1903-2007. CEPR Discussion Paper 8155. Series updated by the same authors.;WID.world computations using fiscal and net national income.;Alvaredo, Facundo and Atkinson,  Anthony B. (2011). Colonial Rule, Apartheid and Natural Resources: Top Incomes in South Africa 1903-2007. CEPR Discussion Paper 8155. Series updated by the same authors.;WID.world computations using fiscal and net national income.;Alvaredo, Facundo and Atkinson,  Anthony B. (2011). Colonial Rule, Apartheid and Natural Resources: Top Incomes in South Africa 1903-2007. CEPR Discussion Paper 8155. Series updated by the same authors.;Alvaredo, Facundo and Atkinson,  Anthony B. (2011). Colonial Rule, Apartheid and Natural Resources: Top Incomes in South Africa 1903-2007. CEPR Discussion Paper 8155. Series updated by the same authors.;WID.world computations using fiscal and net national income.;WID.world computations using fiscal and net national income.;Alvaredo, Facundo and Atkinson,  Anthony B. (2011). Colonial Rule, Apartheid and Natural Resources: Top Incomes in South Africa 1903-2007. CEPR Discussion Paper 8155. Series updated by the same authors.;WID.world computations using fiscal and net national income.
Variable Code;country;year;perc;afiinc992i;afiinc992t;aptinc992i;aptinc992t;bfiinc992i;bptinc992i;mfiinc999i;mptinc999i;sfiinc992i;sfiinc992t;sptinc992i;sptinc992t;tfiinc992i;tptinc992i
;ZA;2012;p0p100;84356.1875;84356.1875;119600.34375;119600.34375;;;3.0495604736e+12;4.32367232614e+12;;;;;;
;ZA;2012;p99p100;1620721.0;;2297861.0;;;;;;0.1921281219;;0.1921281219;;;
;ZA;2012;p99.9p100;5037652.0;;7142392.0;;;;;;0.0597180538;;0.0597180538;;;
;ZA;2012;p99.99p100;15152456.0;;21483178.0;;;;;;0.0179654527;;0.0179654527;;;
;ZA;2012;p90p100;549014.3125;;778393.4375;;;;;;0.650828898;;0.650828898;;;
;ZA;2012;p90p95;310308.84375;;439956.40625;;;;;;0.1839277744;;0.1839277744;;;
;ZA;2012;p95p99;579469.8125;;821573.25;;;;;;0.2747730315;;0.2747730315;;;
;ZA;2012;p99.5p99.9;1655430.75;;2347072.75;;;;;;0.0784973428;;0.0784973428;;;
;ZA;2012;p99.95p99.99;4949204.5;;7016990.5;;;;;;0.0234685261;;0.0234685261;;;
;ZA;2012;p99.9p99.95;3084973.5;;4373881.0;;;;;;0.0182840768;;0.0182840768;;;
;ZA;2012;p99.9p99.99;3913561.75;;5548654.5;;;;;;0.0417526029;;0.0417526029;;;
;ZA;2012;p99p99.5;909575.0625;;1289597.125;;;;;;0.0539127141;;0.0539127141;;;
;ZA;2012;p95p100;787719.8125;;1116830.5;;;;;;0.4669011235;;0.4669011235;;;
;ZA;2012;p99.5p100;2331867.0;;3306125.0;;;;;;0.1382154077;;0.1382154077;;;
;ZA;2012;p99.95p100;6990098.0;;9910573.0;;;;;;0.0414339788;;0.0414339788;;;
;ZA;2011;p0p100;85104.7734375;85104.7734375;120499.585938;120499.585938;;;2.95943353139e+12;4.19025256448e+12;;;;;;
;ZA;2011;p99p100;1570994.25;;2224365.75;;;;;;0.1845951378;;0.1845951378;;;
;ZA;2011;p99.9p100;4716536.0;;6678128.5;;;;;;0.055419635;;0.055419635;;;
;ZA;2011;p99.99p100;13480999.0;;19087704.0;;;;;;0.0158431008;;0.0158431008;;;
;ZA;2011;p90p100;525775.625;;744444.0;;;;;;0.6177981496;;0.6177981496;;;
;ZA;2011;p90p95;298862.1875;;423158.03125;;;;;;0.1755848825;;0.1755848825;;;
;ZA;2011;p95p99;548113.0625;;776071.5;;;;;;0.2576181293;;0.2576181293;;;
;ZA;2011;p99.5p99.9;1600132.625;;2265622.75;;;;;;0.0752078071;;0.0752078071;;;
;ZA;2011;p99.95p99.99;4726115.5;;6691692.5;;;;;;0.0222135391;;0.0222135391;;;
;ZA;2011;p99.9p99.95;2955561.25;;4184770.0;;;;;;0.0173629932;;0.0173629932;;;
;ZA;2011;p99.9p99.99;3742513.5;;5299013.0;;;;;;0.0395765305;;0.0395765305;;;
;ZA;2011;p99p99.5;918582.625;;1300618.25;;;;;;0.0539676957;;0.0539676957;;;
;ZA;2011;p95p100;752689.0625;;1065730.0;;;;;;0.4422132671;;0.4422132671;;;
;ZA;2011;p99.5p100;2223406.0;;3148113.5;;;;;;0.1306274384;;0.1306274384;;;
;ZA;2011;p99.95p100;6477301.0;;9171190.0;;;;;;0.0380566418;;0.0380566418;;;
;ZA;2010;p0p100;82177.0390625;82177.0390625;117641.945312;117641.945312;;;2.83403957043e+12;4.05711775334e+12;;;;;;
;ZA;2010;p99p100;1523668.25;;2181233.5;;2.1633296013;2.1633293629;;;0.1854127347;;0.1854127347;;704316.3125;1008276.125
;ZA;2010;p99.9p100;4412414.5;;6316667.5;;2.1290574074;2.1290576458;;;0.0536933169;;0.0536933169;;2072473.125;2966884.25
;ZA;2010;p99.99p100;12228402.0;;17505778.0;;1.9959218502;1.995921731;;;0.0148830283;;0.0148830283;;6126694.0;8770774.0
;ZA;2010;p90p100;498600.8125;;713780.5;;3.7570610046;3.7570610046;;;0.6067399979;;0.6067399979;;132710.328125;189983.75
;ZA;2010;p90p95;284267.4375;;406947.9375;;;;;;0.1729604304;;0.1729604304;;132710.328125;189983.75
;ZA;2010;p95p99;510250.9375;;730458.4375;;;;;;0.2483668178;;0.2483668178;;275026.75;393719.28125
;ZA;2010;p99.5p99.9;1528779.5;;2188550.5;;;;;;0.0744141042;;0.0744141042;;977464.9375;1399306.625
;ZA;2010;p99.95p99.99;4472989.0;;6403384.0;;;;;;0.0217728205;;0.0217728205;;;
;ZA;2010;p99.9p99.95;2800380.25;;4008932.5;;;;;;0.0170374699;;0.0170374699;;2072473.125;2966884.25
;ZA;2010;p99.9p99.99;3543798.75;;5073186.0;;;;;;0.0388102904;;0.0388102904;;2072473.125;2966884.25
;ZA;2010;p99p99.5;941836.9375;;1348302.75;;;;;;0.0573053062;;0.0573053062;;704316.3125;1008276.125
;ZA;2010;p95p100;712934.1875;;1020613.125;;2.5922358036;2.5922355652;;;0.4337795377;;0.4337795377;;275026.75;393719.28125
;ZA;2010;p99.5p100;2105499.75;;3014164.25;;2.1540410519;2.1540412903;;;0.1281074286;;0.1281074286;;977464.9375;1399306.625
;ZA;2010;p99.95p100;6024256.5;;8624127.0;;;;;;0.036655847;;0.036655847;;;
;ZA;2009;p0p100;80641.953125;80641.953125;113840.382812;113840.382812;;;2.72732258304e+12;3.85009791795e+12;;;;;;
;ZA;2009;p99p100;1474489.875;;2081503.125;;2.1551737785;2.1551737785;;;0.1828438342;;0.1828438342;;684162.875;965816.875
;ZA;2009;p99.9p100;4243296.5;;5990163.5;;2.1080675125;2.1080675125;;;0.0526182912;;0.0526182912;;2012884.625;2841542.5
;ZA;2009;p99.99p100;12027347.0;;16978728.0;;2.0042932034;2.0042932034;;;0.0149169778;;0.0149169778;;6000792.0;8471179.0
;ZA;2009;p90p100;470638.96875;;664390.125;;3.6520724297;3.6520724297;;;0.5836156607;;0.5836156607;;128869.015625;181921.40625
;ZA;2009;p90p95;260227.421875;;367357.03125;;;;;;0.1613474637;;0.1613474637;;128869.015625;181921.40625
;ZA;2009;p95p99;482690.96875;;681403.6875;;;;;;0.2394243777;;0.2394243777;;267921.46875;378218.5625
;ZA;2009;p99.5p99.9;1465550.0;;2068883.125;;;;;;0.0726943165;;0.0726943165;;952299.5625;1344339.25
;ZA;2009;p99.95p99.99;4293970.5;;6061698.5;;;;;;0.0212993007;;0.0212993007;;;
;ZA;2009;p99.9p99.95;2645572.75;;3734694.0;;;;;;0.0164020155;;0.0164020155;;2012884.625;2841542.5
;ZA;2009;p99.9p99.99;3378230.25;;4768969.5;;;;;;0.0377013162;;0.0377013162;;2012884.625;2841542.5
;ZA;2009;p99p99.5;927886.875;;1309876.5;;;;;;0.057531219;;0.057531219;;684162.875;965816.875
;ZA;2009;p95p100;681050.5;;961423.25;;2.5419781208;2.5419778824;;;0.4222682118;;0.4222682118;;267921.46875;378218.5625
;ZA;2009;p99.5p100;2021092.75;;2853129.75;;2.1223287582;2.1223287582;;;0.1253126115;;0.1253126115;;952299.5625;1344339.25
;ZA;2009;p99.95p100;5840830.0;;8245364.5;;;;;;0.0362162776;;0.0362162776;;;
;ZA;2008;p0p100;81037.7734375;81037.7734375;115500.484375;115500.484375;;;2.695135232e+12;3.84128804454e+12;;;;;;
;ZA;2008;p99p100;1577380.375;;2248188.5;;2.2306976318;2.2306973934;;;0.194647342;;0.194647342;;707124.25;1007841.0625
;ZA;2008;p99.9p100;4761750.0;;6786766.5;;2.1735055447;2.1735055447;;;0.0587588772;;0.0587588772;;2190815.75;3122497.75
;ZA;2008;p99.99p100;14068269.0;;20051044.0;;2.0488419533;2.0488421917;;;0.0173630174;;0.0173630174;;6866449.0;9786524.0
;ZA;2008;p90p100;479477.59375;;683383.6875;;3.8206088543;3.8206088543;;;0.5916718245;;0.5916718245;;125497.695312;178867.75
;ZA;2008;p90p95;252440.796875;;359795.59375;;;;;;0.155755043;;0.155755043;;125497.695312;178867.75
;ZA;2008;p95p99;488798.25;;696668.125;;;;;;0.2412694544;;0.2412694544;;267311.0;380989.625
;ZA;2008;p99.5p99.9;1554434.5;;2215484.5;;;;;;0.0767265707;;0.0767265707;;996151.1875;1419781.625
;ZA;2008;p99.95p99.99;4778048.5;;6809996.0;;;;;;0.0235847011;;0.0235847011;;;
;ZA;2008;p99.9p99.95;2886962.75;;4114693.5;;;;;;0.0178111587;;0.0178111587;;2190815.75;3122497.75
;ZA;2008;p99.9p99.99;3727487.0;;5312665.0;;;;;;0.0413958579;;0.0413958579;;2190815.75;3122497.75
;ZA;2008;p99p99.5;958870.625;;1366646.875;;;;;;0.0591618977;;0.0591618977;;707124.25;1007841.0625
;ZA;2008;p95p100;706514.4375;;1006971.8125;;2.6430428028;2.6430425644;;;0.4359168112;;0.4359168112;;267311.0;380989.625
;ZA;2008;p99.5p100;2195890.0;;3129730.0;;2.2043743134;2.2043743134;;;0.1354854405;;0.1354854405;;996151.1875;1419781.625
;ZA;2008;p99.95p100;6636314.0;;9458521.0;;;;;;0.0409477167;;0.0409477167;;;
;ZA;2007;p0p100;79860.0390625;79860.0390625;114292.070312;114292.070312;;;2.60034317517e+12;3.72149321728e+12;;;;;;
;ZA;2007;p99p100;1601703.25;;2292285.25;;2.3355035782;2.3355035782;;;0.2005635947;;0.2005635947;;685806.375;981495.0
;ZA;2007;p99.9p100;5211600.0;;7458605.5;;2.364300251;2.364300251;;;0.0652583241;;0.0652583241;;2204288.5;3154677.75
;ZA;2007;p99.99p100;17609072.0;;25201308.0;;2.360532999;2.360532999;;;0.0220535751;;0.0220535751;;7459787.0;10676109.0
;ZA;2007;p95p99;468496.65625;;670491.1875;;;;;;0.2346589863;;0.2346589863;;254374.6875;364049.53125
;ZA;2007;p99.5p99.9;1540625.375;;2204873.25;;;;;;0.0771664232;;0.0771664232;;976506.6875;1397532.125
;ZA;2007;p99.95p99.99;4986580.0;;7136567.0;;;;;;0.0249770172;;0.0249770172;;;
;ZA;2007;p99.9p99.95;2911546.25;;4166873.0;;;;;;0.0182277337;;0.0182277337;;2204288.5;3154677.75
;ZA;2007;p99.9p99.99;3833829.25;;5486802.5;;;;;;0.0432047509;;0.0432047509;;2204288.5;3154677.75
;ZA;2007;p99p99.5;928595.0;;1328963.125;;;;;;0.0581388436;;0.0581388436;;685806.375;981495.0
;ZA;2007;p95p100;695137.6875;;994849.625;;2.7327313423;2.7327313423;;;0.4352225959;;0.4352225959;;254374.6875;364049.53125
;ZA;2007;p99.5p100;2274811.5;;3255607.25;;2.3295402527;2.3295402527;;;0.1424247473;;0.1424247473;;976506.6875;1397532.125
;ZA;2007;p99.95p100;7511379.5;;10749946.0;;;;;;0.0470305942;;0.0470305942;;;
;ZA;2006;p0p100;77626.6484375;77626.6484375;111909.921875;111909.921875;;;2.49367835443e+12;3.59499431936e+12;;;;;;
;ZA;2006;p99p100;1475091.375;;2126555.25;;2.2869346142;2.2869346142;;;0.1900236756;;0.1900236756;;645008.125;929871.5
;ZA;2006;p99.9p100;4589536.0;;6616473.0;;2.2525553703;2.2525553703;;;0.0591224432;;0.0591224432;;2037479.75;2937318.75
;ZA;2006;p99.99p100;14210487.0;;20486450.0;;2.1553354263;2.1553351879;;;0.0183092356;;0.0183092356;;6593167.5;9504995.0
;ZA;2006;p95p99;443608.03125;;639524.5;;;;;;0.2285855711;;0.2285855711;;241637.5625;348355.125
;ZA;2006;p99.5p99.9;1431108.25;;2063147.375;;;;;;0.0737432986;;0.0737432986;;916869.875;1321799.125
;ZA;2006;p99.95p99.99;4560261.0;;6574269.0;;;;;;0.0234988313;;0.0234988313;;;
;ZA;2006;p99.9p99.95;2688308.75;;3875581.75;;;;;;0.0173143763;;0.0173143763;;2037479.75;2937318.75
;ZA;2006;p99.9p99.99;3520329.0;;5075058.0;;;;;;0.0408132076;;0.0408132076;;2037479.75;2937318.75
;ZA;2006;p99p99.5;887396.5;;1279309.0;;;;;;0.05715793;;0.05715793;;645008.125;929871.5
;ZA;2006;p95p100;649904.4375;;936930.3125;;2.6895837784;2.6895837784;;;0.4186092317;;0.4186092317;;241637.5625;348355.125
;ZA;2006;p99.5p100;2062786.25;;2973801.5;;2.2498135567;2.2498135567;;;0.1328657418;;0.1328657418;;916869.875;1321799.125
;ZA;2006;p99.95p100;6490536.5;;9357037.0;;;;;;0.041808065;;0.041808065;;;
;ZA;2005;p0p100;73644.171875;73644.171875;107516.375;107516.375;;;2.34175699354e+12;3.41883407565e+12;;;;;;
;ZA;2005;p99p100;1323673.25;;1932489.0;;2.2249464989;2.2249464989;;;0.1797388643;;0.1797388643;;594923.625;868555.25
;ZA;2005;p99.9p100;3947892.75;;5763702.5;;2.1545228958;2.1545228958;;;0.0536069795;;0.0536069795;;1832374.375;2675164.25
;ZA;2005;p99.99p100;11414841.0;;16665029.0;;2.0260953903;2.0260953903;;;0.0155025627;;0.0155025627;;5633911.0;8225195.0
;ZA;2005;p95p99;415758.90625;;606984.75;;;;;;0.2258204967;;0.2258204967;;229871.859375;335600.0625
;ZA;2005;p99.5p99.9;1310607.75;;1913414.0;;;;;;0.0711860955;;0.0711860955;;841826.0;1229018.875
;ZA;2005;p99.95p99.99;3989586.25;;5824573.0;;;;;;0.0216698945;;0.0216698945;;;
;ZA;2005;p99.9p99.95;2420789.25;;3534217.0;;;;;;0.0164345223;;0.0164345223;;1832374.375;2675164.25
;ZA;2005;p99.9p99.99;3118067.0;;4552203.5;;;;;;0.0381044149;;0.0381044149;;1832374.375;2675164.25
;ZA;2005;p99p99.5;809288.125;;1181515.375;;;;;;0.0549457818;;0.0549457818;;594923.625;868555.25
;ZA;2005;p95p100;597341.5625;;872085.25;;2.5985848904;2.5985848904;;;0.405559361;;0.405559361;;229871.859375;335600.0625
;ZA;2005;p99.5p100;1838058.375;;2683462.5;;2.1834185123;2.1834185123;;;0.124793075;;0.124793075;;841826.0;1229018.875
;ZA;2005;p99.95p100;5474814.0;;7992922.5;;;;;;0.0371724553;;0.0371724553;;;
;ZA;2004;p0p100;69912.640625;69912.640625;103848.9375;103848.9375;;;2.20988676506e+12;3.28258787738e+12;;;;;;
;ZA;2004;p99p100;1194394.375;;1774165.375;;2.1604926586;2.1604926586;;;0.1708408147;;0.1708408147;;552834.25;821185.5
;ZA;2004;p99.9p100;3428339.5;;5092490.0;;2.0879106522;2.0879104137;;;0.0490368493;;0.0490368493;;1641995.375;2439036.5
;ZA;2004;p99.99p100;9514124.0;;14132375.0;;1.9404261112;1.9404261112;;;0.0136108473;;0.0136108473;;4903110.5;7283129.5
;ZA;2004;p95p99;386203.96875;;573671.25;;;;;;0.2209638655;;0.2209638655;;216876.5;322150.53125
;ZA;2004;p99.5p99.9;1191132.0;;1769319.5;;;;;;0.0681498796;;0.0681498796;;778482.625;1156365.875
;ZA;2004;p99.95p99.99;3504650.5;;5205843.0;;;;;;0.0200519376;;0.0200519376;;;
;ZA;2004;p99.9p99.95;2149838.25;;3193391.5;;;;;;0.0153740617;;0.0153740617;;1641995.375;2439036.5
;ZA;2004;p99.9p99.99;2752007.0;;4087858.75;;;;;;0.035426002;;0.035426002;;1641995.375;2439036.5
;ZA;2004;p99p99.5;750220.4375;;1114385.0;;;;;;0.0536540858;;0.0536540858;;552834.25;821185.5
;ZA;2004;p95p100;547841.8125;;813769.75;;2.5260543823;2.5260543823;;;0.3918046653;;0.3918046653;;216876.5;322150.53125
;ZA;2004;p99.5p100;1638568.125;;2433945.75;;2.1048231125;2.1048231125;;;0.1171867251;;0.1171867251;;778482.625;1156365.875
;ZA;2004;p99.95p100;4706688.5;;6991362.0;;;;;;0.0336627848;;0.0336627848;;;
;ZA;2003;p0p100;66412.515625;66412.515625;99598.5234375;99598.5234375;;;2.09317684838e+12;3.13912695194e+12;;;;;;
;ZA;2003;p99p100;1123742.75;;1685271.5;;2.1440620422;2.1440620422;;;0.1692063063;;0.1692063063;;524118.5625;786018.0625
;ZA;2003;p99.9p100;3150955.0;;4725472.0;;2.0364453793;2.0364453793;;;0.0474445894;;0.0474445894;;1547282.0;2320451.25
;ZA;2003;p99.99p100;8484449.0;;12724086.0;;1.9089876413;1.9089875221;;;0.0127774961;;0.0127774961;;4444475.5;6665358.5
;ZA;2003;p95p99;367391.90625;;550975.875;;;;;;0.2212788463;;0.2212788463;;207015.1875;310459.65625
;ZA;2003;p99.5p99.9;1129133.125;;1693355.5;;;;;;0.0680073947;;0.0680073947;;737821.625;1106507.5
;ZA;2003;p99.95p99.99;3227864.0;;4840812.0;;;;;;0.0194416288;;0.0194416288;;;
;ZA;2003;p99.9p99.95;2022469.5;;3033087.5;;;;;;0.0152254654;;0.0152254654;;1547282.0;2320451.25
;ZA;2003;p99.9p99.99;2558227.0;;3836560.5;;;;;;0.0346670933;;0.0346670933;;1547282.0;2320451.25
;ZA;2003;p99p99.5;713992.6875;;1070771.375;;;;;;0.053754326;;0.053754326;;524118.5625;786018.0625
;ZA;2003;p95p100;518661.875;;777834.6875;;2.5054290295;2.5054292679;;;0.3904851675;;0.3904851675;;207015.1875;310459.65625
;ZA;2003;p99.5p100;1533492.75;;2299771.5;;2.0784058571;2.0784058571;;;0.1154519841;;0.1154519841;;737821.625;1106507.5
;ZA;2003;p99.95p100;4279306.0;;6417654.5;;;;;;0.0322191268;;0.0322191268;;;
;ZA;2002;p0p100;65012.1835938;65012.1835938;99176.1015625;99176.1015625;;;2.02153289318e+12;3.0838489088e+12;;;;;;
;ZA;2002;p99p100;1080072.625;;1647651.125;;2.1582612991;2.1582612991;;;0.1661337316;;0.1661337316;;500436.46875;763415.9375
;ZA;2002;p99.9p100;3121820.0;;4762337.0;;2.1133453846;2.1133453846;;;0.048018381;;0.048018381;;1477193.5;2253459.0
;ZA;2002;p99.99p100;8970238.0;;13684100.0;;2.0259628296;2.0259625912;;;0.0138000688;;0.0138000688;;4427642.0;6754369.0
;ZA;2002;p95p99;350524.15625;;534724.6875;;;;;;0.2156668752;;0.2156668752;;196834.296875;300270.78125
;ZA;2002;p99.5p99.9;1068629.25;;1630194.125;;;;;;0.065749608;;0.065749608;;699102.4375;1066480.875
;ZA;2002;p99.95p99.99;3139714.5;;4789635.0;;;;;;0.0193180256;;0.0193180256;;;
;ZA;2002;p99.9p99.95;1937540.75;;2955718.75;;;;;;0.0149002858;;0.0149002858;;1477193.5;2253459.0
;ZA;2002;p99.9p99.99;2471866.75;;3770833.25;;;;;;0.0342183113;;0.0342183113;;1477193.5;2253459.0
;ZA;2002;p99p99.5;680882.875;;1038686.9375;;;;;;0.0523657389;;0.0523657389;;500436.46875;763415.9375
;ZA;2002;p95p100;496433.6875;;757309.6875;;2.5220894814;2.5220892429;;;0.3818005919;;0.3818005919;;196834.296875;300270.78125
;ZA;2002;p99.5p100;1479262.5;;2256615.25;;2.1159453392;2.1159453392;;;0.113767989;;0.113767989;;699102.4375;1066480.875
;ZA;2002;p99.95p100;4305958.0;;6568740.0;;;;;;0.0331180952;;0.0331180952;;;
;ZA;2001;p0p100;66262.7734375;66262.7734375;98240.828125;98240.828125;;;2.02288883302e+12;2.999123968e+12;;;;;;
;ZA;2000;p0p100;66895.6640625;66895.6640625;98357.3671875;98357.3671875;;;1.98345949184e+12;2.91630035763e+12;;;;;;
;ZA;1999;p0p100;66672.8515625;66672.8515625;97035.703125;97035.703125;;;1.95515160986e+12;2.84552855552e+12;;;;;;
;ZA;1998;p0p100;67416.9140625;67416.9140625;98607.6328125;98607.6328125;;;1.92377808486e+12;2.81382197658e+12;;;;;;
;ZA;1997;p0p100;68931.96875;68931.96875;101662.78125;101662.78125;;;1.91408032973e+12;2.82293882061e+12;;;;;;
;ZA;1996;p0p100;67954.40625;67954.40625;101788.804688;101788.804688;;;1.84705404109e+12;2.76669949542e+12;;;;;;
;ZA;1995;p0p100;65454.8359375;65454.8359375;98762.2890625;98762.2890625;;;1.74914902426e+12;2.63922384896e+12;;;;;;
;ZA;1994;p0p100;65987.3828125;65987.3828125;99590.734375;99590.734375;;;1.70647538893e+12;2.57547934106e+12;;;;;;
;ZA;1993;p0p100;66417.296875;66417.296875;99008.1484375;99008.1484375;;;1.66197736243e+12;2.47750669107e+12;;;;;;
;ZA;1993;p99p100;681840.5625;;1016418.625;;;;;;0.1026600003;;0.1026600003;;;
;ZA;1993;p95p99;310168.59375;;462367.78125;;;;;;0.1868000031;;0.1868000031;;;
;ZA;1993;p99p99.5;519118.0625;;773848.4375;;;;;;0.0390800014;;0.0390800014;;;
;ZA;1993;p95p100;384502.90625;;573177.8125;;;;;;0.2894600034;;0.2894600034;;;
;ZA;1993;p99.5p100;844563.125;;1258988.75;;;;;;0.0635799989;;0.0635799989;;;
;ZA;1992;p0p100;71258.578125;71258.578125;99743.4609375;99743.4609375;;;1.68814719795e+12;2.36296654029e+12;;;;;;
;ZA;1992;p99p100;752776.375;;1053691.0;;;;;;0.1056400016;;0.1056400016;;;
;ZA;1992;p95p99;352836.6875;;493879.5;;;;;;0.1980600059;;0.1980600059;;;
;ZA;1992;p99p99.5;573204.5625;;802337.1875;;;;;;0.0402199998;;0.0402199998;;;
;ZA;1992;p95p100;432824.53125;;605841.625;;;;;;0.3037;;0.3037;;;
;ZA;1992;p99.5p100;932348.1875;;1305044.75;;;;;;0.0654200017;;0.0654200017;;;
;ZA;1991;p0p100;72644.2109375;72644.2109375;104658.539062;104658.539062;;;1.66480484762e+12;2.39848495514e+12;;;;;;
;ZA;1991;p99p100;765380.0625;;1102683.375;;;;;;0.1053600013;;0.1053600013;;;
;ZA;1991;p95p99;361586.34375;;520937.59375;;;;;;0.1991000026;;0.1991000026;;;
;ZA;1991;p99p99.5;575778.5;;829524.375;;;;;;0.0396299995;;0.0396299995;;;
;ZA;1991;p95p100;442345.0;;637286.625;;;;;;0.3044599891;;0.3044599891;;;
;ZA;1991;p99.5p100;954981.625;;1375842.5;;;;;;0.0657299981;;0.0657299981;;;
;ZA;1990;p0p100;75221.4453125;75221.4453125;107791.578125;107791.578125;;;1.66338704179e+12;2.38361719603e+12;;;;;;
;ZA;1990;p99p100;741007.125;;1061855.875;;;;;;0.0985099971;;0.0985099971;;;
;ZA;1990;p95p99;365143.5;;523247.0;;;;;;0.1941699982;;0.1941699982;;;
;ZA;1990;p99p99.5;598161.5;;857159.5;;;;;;0.039760001;;0.039760001;;;
;ZA;1990;p95p100;440316.125;;630968.625;;;;;;0.2926799953;;0.2926799953;;;
;ZA;1990;p99.5p100;883852.8125;;1266552.25;;;;;;0.0587499999;;0.0587499999;;;
;ZA;1989;p0p100;76051.84375;98925.8828125;111347.375;144837.203125;;;1.63396609638e+12;2.39228708454e+12;;;;;;
;ZA;1988;p0p100;77189.3984375;100414.484375;112667.835938;146567.828125;;;1.61311031296e+12;2.35454149427e+12;;;;;;
;ZA;1988;p99p100;;992296.875;;1448384.625;;;;;;0.0988200009;;0.0988200009;;
;ZA;1988;p99.9p100;;2428053.5;;3544055.75;;;;;;0.0241800006;;0.0241800006;;
;ZA;1988;p95p99;;413029.65625;;602869.8125;;;;;;0.1645299941;;0.1645299941;;
;ZA;1988;p99.5p99.9;;1006151.0625;;1468606.625;;;;;;0.0400799997;;0.0400799997;;
;ZA;1988;p99.9p99.95;;1667001.25;;2433202.25;;;;;;0.0082999999;;0.0082999999;;
;ZA;1988;p99p99.5;;694065.5625;;1013077.75;;;;;;0.0345599987;;0.0345599987;;
;ZA;1988;p95p100;;528882.9375;;771972.5625;;;;;;0.2633500099;;0.2633500099;;
;ZA;1988;p99.5p100;;1290528.125;;1883691.5;;;;;;0.0642599985;;0.0642599985;;
;ZA;1988;p99.95p100;;3189015.0;;4654776.5;;;;;;0.0158799998;;0.0158799998;;
;ZA;1987;p0p100;75968.9296875;98835.5703125;110559.414062;143837.78125;;;1.54513768448e+12;2.24867621274e+12;;;;;;
;ZA;1987;p99p100;;867282.9375;;1262177.875;;;;;;0.0877500027;;0.0877500027;;
;ZA;1987;p99.9p100;;1913481.25;;2784735.5;;;;;;0.0193600003;;0.0193600003;;
;ZA;1987;p95p99;;409623.78125;;596135.375;;;;;;0.1657799929;;0.1657799929;;
;ZA;1987;p99.5p99.9;;875434.25;;1274040.625;;;;;;0.0354299992;;0.0354299992;;
;ZA;1987;p99.9p99.95;;1348214.875;;1962089.625;;;;;;0.0068199998;;0.0068199998;;
;ZA;1987;p99p99.5;;651524.6875;;948179.625;;;;;;0.0329600014;;0.0329600014;;
;ZA;1987;p95p100;;501155.5;;729343.75;;;;;;0.2535299957;;0.2535299957;;
;ZA;1987;p99.5p100;;1083041.25;;1576176.0;;;;;;0.0547900014;;0.0547900014;;
;ZA;1987;p99.95p100;;2478680.25;;3607283.25;;;;;;0.0125399996;;0.0125399996;;
;ZA;1986;p0p100;73649.796875;95826.890625;108999.898438;141821.453125;;;1.45733281382e+12;2.15681676083e+12;;;;;;
;ZA;1986;p99p100;;992000.9375;;1468137.125;;;;;;0.1035199985;;0.1035199985;;
;ZA;1986;p99.9p100;;2389953.5;;3537072.5;;;;;;0.0249400008;;0.0249400008;;
;ZA;1986;p99.99p100;;5949863.0;;8805651.0;;;;;;0.0062099998;;0.0062099998;;
;ZA;1986;p95p99;;444229.28125;;657448.4375;;;;;;0.1854300052;;0.1854300052;;
;ZA;1986;p99.5p99.9;;997076.8125;;1475649.25;;;;;;0.0416200012;;0.0416200012;;
;ZA;1986;p99.95p99.99;;2438753.25;;3609295.0;;;;;;0.0101800002;;0.0101800002;;
;ZA;1986;p99.9p99.95;;1638758.625;;2425322.75;;;;;;0.0085500004;;0.0085500004;;
;ZA;1986;p99.9p99.99;;1994329.375;;2951558.75;;;;;;0.0187299997;;0.0187299997;;
;ZA;1986;p99p99.5;;708353.0625;;1048345.1875;;;;;;0.0369599983;;0.0369599983;;
;ZA;1986;p95p100;;553783.5;;819586.0;;;;;;0.2889499962;;0.2889499962;;
;ZA;1986;p99.5p100;;1275648.875;;1887929.0;;;;;;0.0665600002;;0.0665600002;;
;ZA;1986;p99.95p100;;3141058.75;;4648690.0;;;;;;0.0163899995;;0.0163899995;;
;ZA;1985;p0p100;75537.0859375;98291.1953125;112895.914062;146903.65625;;;1.45247738266e+12;2.17083779482e+12;;;;;;
;ZA;1985;p99p100;;1045819.375;;1563056.5;;;;;;0.1063999981;;0.1063999981;;
;ZA;1985;p99.9p100;;2636204.0;;3940007.0;;;;;;0.0268200003;;0.0268200003;;
;ZA;1985;p95p99;;463909.65625;;693348.1875;;;;;;0.1887899935;;0.1887899935;;
;ZA;1985;p99.5p99.9;;1039181.625;;1553135.875;;;;;;0.0422899984;;0.0422899984;;
;ZA;1985;p99.9p99.95;;1739880.375;;2600383.25;;;;;;0.0088499999;;0.0088499999;;
;ZA;1985;p99p99.5;;733056.5;;1095608.625;;;;;;0.0372899994;;0.0372899994;;
;ZA;1985;p95p100;;580291.4375;;867289.625;;;;;;0.2951900065;;0.2951900065;;
;ZA;1985;p99.5p100;;1358582.25;;2030504.375;;;;;;0.0691099986;;0.0691099986;;
;ZA;1985;p99.95p100;;3532420.75;;5279471.0;;;;;;0.0179699995;;0.0179699995;;
;ZA;1984;p0p100;78591.2109375;102274.398438;118133.421875;153732.515625;;;1.47508258406e+12;2.21725248717e+12;;;;;;
;ZA;1984;p99p100;;1155599.5;;1737025.375;;;;;;0.1129899994;;0.1129899994;;
;ZA;1984;p99.9p100;;2973155.0;;4469062.0;;;;;;0.0290699992;;0.0290699992;;
;ZA;1984;p99.99p100;;8149917.0;;12250449.0;;;;;;0.0079699997;;0.0079699997;;
;ZA;1984;p95p99;;509863.15625;;766394.625;;;;;;0.1994100064;;0.1994100064;;
;ZA;1984;p99.5p99.9;;1142658.375;;1717573.125;;;;;;0.0446900018;;0.0446900018;;
;ZA;1984;p99.95p99.99;;2973577.75;;4469697.5;;;;;;0.0116299996;;0.0116299996;;
;ZA;1984;p99.9p99.95;;1937217.5;;2911905.0;;;;;;0.0094699999;;0.0094699999;;
;ZA;1984;p99.9p99.99;;2397845.0;;3604291.5;;;;;;0.0210999995;;0.0210999995;;
;ZA;1984;p99p99.5;;802445.6875;;1206186.5;;;;;;0.0392300002;;0.0392300002;;
;ZA;1984;p95p100;;639010.25;;960520.5625;;;;;;0.3124000132;;0.3124000132;;
;ZA;1984;p99.5p100;;1508753.375;;2267864.25;;;;;;0.0737600029;;0.0737600029;;
;ZA;1984;p99.95p100;;4008969.0;;6026033.0;;;;;;0.0196000002;;0.0196000002;;
;ZA;1983;p0p100;74158.4765625;96514.4453125;113543.648438;147772.75;;;1.35709156966e+12;2.07783578829e+12;;;;;;
;ZA;1983;p99p100;;1094474.875;;1675744.625;;;;;;0.1133999974;;0.1133999974;;
;ZA;1983;p99.9p100;;2920564.75;;4471661.0;;;;;;0.0302600004;;0.0302600004;;
;ZA;1983;p99.99p100;;8646259.0;;13238242.0;;;;;;0.0089600002;;0.0089600002;;
;ZA;1983;p95p99;;472437.9375;;723347.25;;;;;;0.1958000064;;0.1958000064;;
;ZA;1983;p99.5p99.9;;1068895.25;;1636580.0;;;;;;0.0443000011;;0.0443000011;;
;ZA;1983;p99.95p99.99;;2854366.25;;4370305.5;;;;;;0.0118300002;;0.0118300002;;
;ZA;1983;p99.9p99.95;;1828116.0;;2799018.75;;;;;;0.0094699999;;0.0094699999;;
;ZA;1983;p99.9p99.99;;2284250.0;;3497403.0;;;;;;0.0212999992;;0.0212999992;;
;ZA;1983;p99p99.5;;749724.9375;;1147899.875;;;;;;0.0388399996;;0.0388399996;;
;ZA;1983;p95p100;;596845.1875;;913826.5;;;;;;0.3091999888;;0.3091999888;;
;ZA;1983;p99.5p100;;1439224.75;;2203589.5;;;;;;0.0745600015;;0.0745600015;;
;ZA;1983;p99.95p100;;4012883.0;;6144104.0;;;;;;0.0207899995;;0.0207899995;;
;ZA;1982;p0p100;74829.03125;97395.8046875;119151.109375;155084.421875;;;1.33410809446e+12;2.12431536128e+12;;;;;;
;ZA;1982;p99p100;;1168556.0;;1860704.75;;;;;;0.11998;;0.11998;;
;ZA;1982;p99.9p100;;3038788.25;;4838696.5;;;;;;0.0311999992;;0.0311999992;;
;ZA;1982;p95p99;;515588.75;;820977.75;;;;;;0.2117500007;;0.2117500007;;
;ZA;1982;p99.5p99.9;;1148050.75;;1828054.0;;;;;;0.0471500009;;0.0471500009;;
;ZA;1982;p99.9p99.95;;1907148.0;;3036773.25;;;;;;0.0097899996;;0.0097899996;;
;ZA;1982;p99p99.5;;810918.25;;1291234.25;;;;;;0.0416299999;;0.0416299999;;
;ZA;1982;p95p100;;646182.0625;;1028922.9375;;;;;;0.3317300081;;0.3317300081;;
;ZA;1982;p99.5p100;;1526193.625;;2430175.25;;;;;;0.0783500001;;0.0783500001;;
;ZA;1982;p99.95p100;;4170293.25;;6640405.0;;;;;;0.0214099996;;0.0214099996;;
;ZA;1981;p0p100;75530.6640625;98317.7578125;126499.9375;164664.125;;;1.31174917734e+12;2.1969380311e+12;;;;;;
;ZA;1981;p99p100;;1115809.375;;1868775.0;;;;;;0.1134900004;;0.1134900004;;
;ZA;1981;p95p99;;512800.59375;;858846.4375;;;;;;0.2086299956;;0.2086299956;;
;ZA;1981;p99p99.5;;802077.0625;;1343331.25;;;;;;0.0407899991;;0.0407899991;;
;ZA;1981;p95p100;;633402.1875;;1060831.875;;;;;;0.3221200109;;0.3221200109;;
;ZA;1981;p99.5p100;;1429541.625;;2394218.75;;;;;;0.0727000013;;0.0727000013;;
;ZA;1980;p0p100;75843.0078125;98733.109375;128763.96875;167626.09375;;;1.28349765632e+12;2.17908353434e+12;;;;;;
;ZA;1980;p99p100;;1075500.75;;1825952.75;;;;;;0.1089299992;;0.1089299992;;
;ZA;1980;p99.9p100;;2447625.25;;4155504.25;;;;;;0.0247900002;;0.0247900002;;
;ZA;1980;p95p99;;486013.46875;;825138.9375;;;;;;0.1968999952;;0.1968999952;;
;ZA;1980;p99.5p99.9;;1104327.625;;1874894.0;;;;;;0.0447399989;;0.0447399989;;
;ZA;1980;p99p99.5;;778017.625;;1320894.875;;;;;;0.0394000001;;0.0394000001;;
;ZA;1980;p95p100;;603910.75;;1025301.5;;;;;;0.3058300018;;0.3058300018;;
;ZA;1980;p99.5p100;;1372983.875;;2331010.5;;;;;;0.0695300028;;0.0695300028;;
;ZA;1979;p0p100;77931.71875;101834.976562;118955.101562;155441.078125;;;1.28365009306e+12;1.95936557466e+12;;;;;;
;ZA;1979;p99p100;;1011222.25;;1543531.25;;;;;;0.0992999971;;0.0992999971;;
;ZA;1979;p95p99;;505483.0625;;771570.1875;;;;;;0.1985500008;;0.1985500008;;
;ZA;1979;p99p99.5;;784130.0625;;1196897.375;;;;;;0.0384999998;;0.0384999998;;
;ZA;1979;p95p100;;606630.8125;;925962.1875;;;;;;0.2978500128;;0.2978500128;;
;ZA;1979;p99.5p100;;1238314.5;;1890165.125;;;;;;0.060800001;;0.060800001;;
;ZA;1978;p0p100;76251.0546875;100016.164062;116115.289062;152304.859375;;;1.22294173696e+12;1.86229876326e+12;;;;;;
;ZA;1978;p99p100;;1035568.375;;1576966.0;;;;;;0.1035400033;;0.1035400033;;
;ZA;1978;p95p99;;528210.125;;804359.625;;;;;;0.2112500072;;0.2112500072;;
;ZA;1978;p99p99.5;;815532.625;;1241895.0;;;;;;0.0407700017;;0.0407700017;;
;ZA;1978;p95p100;;629681.625;;958880.75;;;;;;0.3147900105;;0.3147900105;;
;ZA;1978;p99.5p100;;1255604.125;;1912037.125;;;;;;0.0627700016;;0.0627700016;;
;ZA;1977;p0p100;79467.15625;104630.882812;115639.492188;152257.390625;;;1.24120229478e+12;1.80618028646e+12;;;;;;
;ZA;1976;p0p100;77235.4296875;102080.539062;118397.5;156483.625;;;1.17448219034e+12;1.80041403597e+12;;;;;;
;ZA;1975;p0p100;79445.734375;105404.078125;123324.453125;163619.859375;;;1.17547060429e+12;1.82469525504e+12;;;;;;
;ZA;1975;p99p100;;1283612.125;;1992564.625;;;;;;0.1217800006;;0.1217800006;;
;ZA;1975;p99.9p100;;2725784.75;;4231264.0;;;;;;0.0258600004;;0.0258600004;;
;ZA;1975;p90p100;;526377.3125;;817101.0625;;;;;;0.4993900061;;0.4993900061;;
;ZA;1975;p90p95;;321271.5625;;498713.21875;;;;;;0.1524000019;;0.1524000019;;
;ZA;1975;p95p99;;593451.0;;921220.25;;;;;;0.2252099961;;0.2252099961;;
;ZA;1975;p99.5p99.9;;1342318.25;;2083694.75;;;;;;0.0509399995;;0.0509399995;;
;ZA;1975;p99p99.5;;948216.0;;1471925.75;;;;;;0.0449800007;;0.0449800007;;
;ZA;1975;p95p100;;731483.0625;;1135488.875;;;;;;0.3469899893;;0.3469899893;;
;ZA;1975;p99.5p100;;1619008.25;;2513203.5;;;;;;0.0768000036;;0.0768000036;;
;ZA;1974;p0p100;79811.0;106295.882812;129719.523438;172766.296875;;;1.15030163456e+12;1.86962424627e+12;;;;;;
;ZA;1974;p99p100;;1375257.375;;2235252.25;;;;;;0.1293800026;;0.1293800026;;
;ZA;1974;p99.9p100;;3126202.0;;5081122.0;;;;;;0.0294100009;;0.0294100009;;
;ZA;1974;p95p99;;581889.875;;945765.3125;;;;;;0.2189700007;;0.2189700007;;
;ZA;1974;p99.5p99.9;;1438446.0;;2337955.0;;;;;;0.0541299991;;0.0541299991;;
;ZA;1974;p99p99.5;;974521.5;;1583922.875;;;;;;0.0458399989;;0.0458399989;;
;ZA;1974;p95p100;;740563.1875;;1203662.375;;;;;;0.3483499885;;0.3483499885;;
;ZA;1974;p99.5p100;;1775993.25;;2886581.75;;;;;;0.08354;;0.08354;;
;ZA;1973;p0p100;78140.6796875;104473.007812;122974.117188;164414.703125;;;1.09638647808e+12;1.72544137626e+12;;;;;;
;ZA;1972;p0p100;80962.375;108665.054688;114804.015625;154086.203125;;;1.10547120947e+12;1.56754955469e+12;;;;;;
;ZA;1971;p0p100;80771.3203125;108830.375;114178.117188;153842.3125;;;1.07330024243e+12;1.51721423667e+12;;;;;;
;ZA;1971;p99p100;;1403804.375;;1984413.875;;;;;;0.1289899945;;0.1289899945;;
;ZA;1971;p99.9p100;;2972195.75;;4201487.5;;;;;;0.0273100007;;0.0273100007;;
;ZA;1971;p90p100;;558245.25;;789133.9375;;;;;;0.5129500031;;0.5129500031;;
;ZA;1971;p90p95;;344404.53125;;486849.28125;;;;;;0.1582300067;;0.1582300067;;
;ZA;1971;p95p99;;614156.6875;;868170.1875;;;;;;0.2257300019;;0.2257300019;;
;ZA;1971;p99.5p99.9;;1498863.25;;2118789.0;;;;;;0.055089999;;0.055089999;;
;ZA;1971;p99p99.5;;1014082.375;;1433504.0;;;;;;0.0465900004;;0.0465900004;;
;ZA;1971;p95p100;;772086.0625;;1091418.625;;;;;;0.3547199965;;0.3547199965;;
;ZA;1971;p99.5p100;;1793526.25;;2535323.75;;;;;;0.0824000016;;0.0824000016;;
;ZA;1970;p0p100;74420.1015625;100664.421875;111997.625;151493.703125;;;9.62766176256e+11;1.44890331136e+12;;;;;;
;ZA;1969;p0p100;72262.5078125;98185.34375;110893.117188;150673.96875;;;9.08586385408e+11;1.39430500762e+12;;;;;;
;ZA;1969;p99p100;;1313622.875;;2015868.875;;;;;;0.1337900013;;0.1337900013;;
;ZA;1969;p99.9p100;;2945598.0;;4520277.0;;;;;;0.0299999993;;0.0299999993;;
;ZA;1969;p90p100;;497406.8125;;763314.125;;;;;;0.5066000223;;0.5066000223;;
;ZA;1969;p90p95;;300329.25;;460881.40625;;;;;;0.1529400051;;0.1529400051;;
;ZA;1969;p95p99;;539700.0;;828216.6875;;;;;;0.2198700011;;0.2198700011;;
;ZA;1969;p99.5p99.9;;1407729.5;;2160283.5;;;;;;0.0573499985;;0.0573499985;;
;ZA;1969;p99p99.5;;911946.3125;;1399461.125;;;;;;0.0464400016;;0.0464400016;;
;ZA;1969;p95p100;;694484.375;;1065746.875;;;;;;0.3536599874;;0.3536599874;;
;ZA;1969;p99.5p100;;1715299.5;;2632276.75;;;;;;0.0873500034;;0.0873500034;;
;ZA;1968;p0p100;73877.4609375;100832.898438;107897.75;147266.0625;;;9.03216627712e+11;1.31914439066e+12;;;;;;
;ZA;1967;p0p100;70305.5703125;96393.0;105135.15625;144146.375;;;8.36029775872e+11;1.25020143616e+12;;;;;;
;ZA;1967;p99p100;;1217926.75;;1821291.25;;;;;;0.1263500005;;0.1263500005;;
;ZA;1967;p99.9p100;;2793505.0;;4177415.75;;;;;;0.0289799999;;0.0289799999;;
;ZA;1967;p90p100;;489184.71875;;731528.25;;;;;;0.5074899793;;0.5074899793;;
;ZA;1967;p90p95;;304235.5;;454954.6875;;;;;;0.1578100026;;0.1578100026;;
;ZA;1967;p95p99;;538185.9375;;804804.8125;;;;;;0.223330006;;0.223330006;;
;ZA;1967;p99.5p99.9;;1263227.625;;1889034.375;;;;;;0.0524200015;;0.0524200015;;
;ZA;1967;p99.9p99.95;;2066815.625;;3090722.25;;;;;;0.0107199997;;0.0107199997;;
;ZA;1967;p99p99.5;;866573.875;;1295877.125;;;;;;0.0449500009;;0.0449500009;;
;ZA;1967;p95p100;;674133.9375;;1008101.875;;;;;;0.3496800065;;0.3496800065;;
;ZA;1967;p99.5p100;;1569279.5;;2346705.25;;;;;;0.0813999996;;0.0813999996;;
;ZA;1967;p99.95p100;;3520107.75;;5263979.5;;;;;;0.0182600003;;0.0182600003;;
;ZA;1966;p0p100;68271.703125;94030.9765625;99557.6328125;137121.25;;;7.89580611584e+11;1.15141076582e+12;;;;;;
;ZA;1965;p0p100;65752.09375;90975.2578125;97581.7265625;135015.046875;;;7.39397992448e+11;1.09732973773e+12;;;;;;
;ZA;1965;p99p100;;1206151.125;;1790031.125;;;;;;0.1325799972;;0.1325799972;;
;ZA;1965;p99.9p100;;2909426.0;;4317837.0;;;;;;0.0319800004;;0.0319800004;;
;ZA;1965;p90p100;;464910.75;;689967.25;;;;;;0.5110300183;;0.5110300183;;
;ZA;1965;p90p95;;284334.0;;421975.9375;;;;;;0.1562699974;;0.1562699974;;
;ZA;1965;p95p99;;505321.78125;;749940.6875;;;;;;0.222179994;;0.222179994;;
;ZA;1965;p99.5p99.9;;1247040.75;;1850715.0;;;;;;0.0548299998;;0.0548299998;;
;ZA;1965;p99.9p99.95;;2088943.25;;3100170.25;;;;;;0.0114799999;;0.0114799999;;
;ZA;1965;p99p99.5;;832788.25;;1235928.875;;;;;;0.0457700007;;0.0457700007;;
;ZA;1965;p95p100;;645487.5;;957958.5;;;;;;0.3547599912;;0.3547599912;;
;ZA;1965;p99.5p100;;1579513.875;;2344133.5;;;;;;0.0868100002;;0.0868100002;;
;ZA;1965;p99.95p100;;3729811.25;;5535358.0;;;;;;0.0205000006;;0.0205000006;;
;ZA;1964;p0p100;64133.5390625;89143.859375;95484.734375;132721.15625;;;7.04782336e+11;1.04930987213e+12;;;;;;
;ZA;1964;p99p100;;1218686.875;;1814432.625;;;;;;0.136710003;;0.136710003;;
;ZA;1964;p99.9p100;;2965854.25;;4415690.0;;;;;;0.0332700014;;0.0332700014;;
;ZA;1964;p90p100;;455293.21875;;677859.875;;;;;;0.5107399821;;0.5107399821;;
;ZA;1964;p90p95;;274937.40625;;409338.5;;;;;;0.1542100012;;0.1542100012;;
;ZA;1964;p95p99;;489889.8125;;729368.75;;;;;;0.2198199928;;0.2198199928;;
;ZA;1964;p99.5p99.9;;1268291.625;;1888286.5;;;;;;0.0569100007;;0.0569100007;;
;ZA;1964;p99.9p99.95;;2136041.75;;3180229.5;;;;;;0.01198;;0.01198;;
;ZA;1964;p99p99.5;;829573.5;;1235104.25;;;;;;0.0465300009;;0.0465300009;;
;ZA;1964;p95p100;;635649.0625;;946381.25;;;;;;0.3565300107;;0.3565300107;;
;ZA;1964;p99.5p100;;1607800.125;;2393761.0;;;;;;0.0901800022;;0.0901800022;;
;ZA;1964;p99.95p100;;3795568.0;;5651003.0;;;;;;0.0212900005;;0.0212900005;;
;ZA;1963;p0p100;62452.0234375;87207.625;90474.1953125;126337.617188;;;6.7050242048e+11;9.71356307456e+11;;;;;;
;ZA;1963;p99p100;;1151141.75;;1667658.125;;;;;;0.1319999993;;0.1319999993;;
;ZA;1963;p99.9p100;;2815098.25;;4078230.75;;;;;;0.0322800018;;0.0322800018;;
;ZA;1963;p90p100;;426898.65625;;618447.75;;;;;;0.4895200133;;0.4895200133;;
;ZA;1963;p90p95;;255710.140625;;370447.0625;;;;;;0.1466100067;;0.1466100067;;
;ZA;1963;p95p99;;459823.75;;666146.3125;;;;;;0.2109100074;;0.2109100074;;
;ZA;1963;p99.5p99.9;;1195396.125;;1731769.375;;;;;;0.0548299998;;0.0548299998;;
;ZA;1963;p99.9p99.95;;2018130.75;;2923664.25;;;;;;0.0115700001;;0.0115700001;;
;ZA;1963;p99p99.5;;782950.8125;;1134260.25;;;;;;0.0448900014;;0.0448900014;;
;ZA;1963;p95p100;;598087.1875;;866448.4375;;;;;;0.3429099917;;0.3429099917;;
;ZA;1963;p99.5p100;;1519332.625;;2201056.0;;;;;;0.0871099979;;0.0871099979;;
;ZA;1963;p99.95p100;;3611971.0;;5232659.5;;;;;;0.0207100008;;0.0207100008;;
;ZA;1962;p0p100;64116.546875;89947.5;86643.296875;121549.710938;;;6.72414498816e+11;9.08661030912e+11;;;;;;
;ZA;1961;p0p100;62004.5390625;87390.21875;83508.3828125;117698.085938;;;6.35303624704e+11;8.5563375616e+11;;;;;;
;ZA;1961;p99p100;;1030320.875;;1387647.25;;;;;;0.1178987622;;0.1178987622;;
;ZA;1961;p99.9p100;;2405625.5;;3239922.5;;;;;;0.0275270455;;0.0275270455;;
;ZA;1961;p95p99;;433968.46875;;584473.4375;;;;;;0.1986349076;;0.1986349076;;
;ZA;1961;p99.5p99.9;;1074960.875;;1447768.875;;;;;;0.0492028967;;0.0492028967;;
;ZA;1961;p99.9p99.95;;1781412.375;;2399225.5;;;;;;0.0101915477;;0.0101915477;;
;ZA;1961;p99p99.5;;719551.125;;969099.25;;;;;;0.0411688201;;0.0411688201;;
;ZA;1961;p95p100;;553238.8125;;745108.0;;;;;;0.3165336549;;0.3165336549;;
;ZA;1961;p99.5p100;;1341090.625;;1806195.25;;;;;;0.0767299458;;0.0767299458;;
;ZA;1961;p99.95p100;;3029764.25;;4080519.25;;;;;;0.0173354968;;0.0173354968;;
;ZA;1960;p0p100;59442.9375;84172.3359375;82504.453125;116827.890625;;;5.95238977536e+11;8.26168311808e+11;;;;;;
;ZA;1959;p0p100;58620.2226562;82984.8359375;82040.765625;116139.78125;;;5.74454693888e+11;8.03966681088e+11;;;;;;
;ZA;1959;p99p100;;1044965.1875;;1462460.25;;;;;;0.1259222925;;0.1259222925;;
;ZA;1959;p99.9p100;;2433344.25;;3405538.5;;;;;;0.0293223783;;0.0293223783;;
;ZA;1959;p95p99;;435384.84375;;609334.1875;;;;;;0.2098624557;;0.2098624557;;
;ZA;1959;p99.5p99.9;;1090529.75;;1526229.125;;;;;;0.0525653549;;0.0525653549;;
;ZA;1959;p99.9p99.95;;1781362.25;;2493070.0;;;;;;0.0107322801;;0.0107322801;;
;ZA;1959;p99p99.5;;730840.9375;;1022833.875;;;;;;0.044034563;;0.044034563;;
;ZA;1959;p95p100;;557300.75;;779959.1875;;;;;;0.3357847631;;0.3357847631;;
;ZA;1959;p99.5p100;;1359089.375;;1902086.5;;;;;;0.0818877295;;0.0818877295;;
;ZA;1959;p99.95p100;;3085248.5;;4317898.0;;;;;;0.0185900982;;0.0185900982;;
;ZA;1958;p0p100;56705.25;80252.1640625;79188.8203125;112072.0625;;;5.44040615936e+11;7.59752163328e+11;;;;;;
;ZA;1958;p99p100;;1037306.3125;;1448597.125;;;;;;0.1292557418;;0.1292557418;;
;ZA;1958;p99.9p100;;2462453.5;;3438813.75;;;;;;0.0306835584;;0.0306835584;;
;ZA;1958;p95p99;;434025.03125;;606115.5;;;;;;0.2163307518;;0.2163307518;;
;ZA;1958;p99.5p99.9;;1070916.5;;1495533.875;;;;;;0.0533776917;;0.0533776917;;
;ZA;1958;p99.9p99.95;;1765630.0;;2465700.5;;;;;;0.0109997168;;0.0109997168;;
;ZA;1958;p99p99.5;;725391.9375;;1013009.125;;;;;;0.0451944992;;0.0451944992;;
;ZA;1958;p95p100;;554681.125;;774611.625;;;;;;0.3455865085;;0.3455865085;;
;ZA;1958;p99.5p100;;1349220.625;;1884185.25;;;;;;0.0840612501;;0.0840612501;;
;ZA;1958;p99.95p100;;3159193.75;;4411811.0;;;;;;0.0196838416;;0.0196838416;;
;ZA;1957;p0p100;56544.8789062;80003.4921875;79574.84375;112587.84375;;;5.31346915328e+11;7.47757371392e+11;;;;;;
;ZA;1957;p99p100;;1084509.625;;1526215.75;;;;;;0.1355576515;;0.1355576515;;
;ZA;1957;p99.9p100;;2601719.75;;3661365.0;;;;;;0.0325196572;;0.0325196572;;
;ZA;1957;p95p99;;432937.78125;;609267.5;;;;;;0.2164595574;;0.2164595574;;
;ZA;1957;p99.5p99.9;;1138323.375;;1601947.125;;;;;;0.0569137968;;0.0569137968;;
;ZA;1957;p99.9p99.95;;1927831.875;;2713011.75;;;;;;0.0120475497;;0.0120475497;;
;ZA;1957;p99p99.5;;738020.0625;;1038605.625;;;;;;0.0461241938;;0.0461241938;;
;ZA;1957;p95p100;;563252.0;;792656.9375;;;;;;0.352017194;;0.352017194;;
;ZA;1957;p99.5p100;;1430999.125;;2013825.75;;;;;;0.089433454;;0.089433454;;
;ZA;1957;p99.95p100;;3275527.25;;4609605.0;;;;;;0.0204721075;;0.0204721075;;
;ZA;1956;p0p100;56338.4023438;79689.75;78094.609375;110463.554688;;;5.18592331776e+11;7.1885717504e+11;;;;;;
;ZA;1956;p99p100;;1109309.5;;1537691.75;;;;;;0.1392034143;;0.1392034143;;
;ZA;1956;p99.9p100;;2708466.5;;3754395.5;;;;;;0.0339872018;;0.0339872018;;
;ZA;1956;p95p99;;427320.875;;592339.4375;;;;;;0.2144923955;;0.2144923955;;
;ZA;1956;p99.5p99.9;;1170261.25;;1622181.125;;;;;;0.0587409846;;0.0587409846;;
;ZA;1956;p99.9p99.95;;1999876.625;;2772169.25;;;;;;0.0125469817;;0.0125469817;;
;ZA;1956;p99p99.5;;740720.375;;1026764.5;;;;;;0.0464752167;;0.0464752167;;
;ZA;1956;p95p100;;563718.4375;;781409.6875;;;;;;0.3536958098;;0.3536958098;;
;ZA;1956;p99.5p100;;1477898.625;;2048618.875;;;;;;0.0927281901;;0.0927281901;;
;ZA;1956;p99.95p100;;3416972.0;;4736504.5;;;;;;0.021440221;;0.021440221;;
;ZA;1955;p0p100;55334.4609375;78248.4765625;74873.21875;105878.242188;;;4.99028262912e+11;6.75236610048e+11;;;;;;
;ZA;1955;p99p100;;1128730.125;;1527288.0;;;;;;0.1442493349;;0.1442493349;;
;ZA;1955;p99.9p100;;2806232.0;;3797120.75;;;;;;0.0358626284;;0.0358626284;;
;ZA;1955;p95p99;;418277.5625;;565972.5625;;;;;;0.2138202935;;0.2138202935;;
;ZA;1955;p99.5p99.9;;1196494.875;;1618980.75;;;;;;0.0611639917;;0.0611639917;;
;ZA;1955;p99.9p99.95;;2071569.625;;2803047.0;;;;;;0.013236165;;0.013236165;;
;ZA;1955;p99p99.5;;739021.6875;;999972.375;;;;;;0.0472227074;;0.0472227074;;
;ZA;1955;p95p100;;560367.875;;758235.4375;;;;;;0.3580696285;;0.3580696285;;
;ZA;1955;p99.5p100;;1518438.5;;2054603.5;;;;;;0.0970266163;;0.0970266163;;
;ZA;1955;p99.95p100;;3540806.75;;4791076.0;;;;;;0.0226264615;;0.0226264615;;
;ZA;1954;p0p100;53120.5351562;75097.4140625;72297.8125;102208.65625;;;4.69692055552e+11;6.39257673728e+11;;;;;;
;ZA;1954;p99p100;;1063526.875;;1447475.5;;;;;;0.1416195184;;0.1416195184;;
;ZA;1954;p99.9p100;;2660207.0;;3620580.25;;;;;;0.0354229622;;0.0354229622;;
;ZA;1954;p95p99;;403923.46875;;549745.625;;;;;;0.2151465118;;0.2151465118;;
;ZA;1954;p99.5p99.9;;1123509.25;;1529112.375;;;;;;0.059842892;;0.059842892;;
;ZA;1954;p99.9p99.95;;1951590.25;;2656142.25;;;;;;0.0129927825;;0.0129927825;;
;ZA;1954;p99p99.5;;696208.6875;;947550.0;;;;;;0.0463536605;;0.0463536605;;
;ZA;1954;p95p100;;535844.0;;729291.375;;;;;;0.3567660153;;0.3567660153;;
;ZA;1954;p99.5p100;;1430845.25;;1947400.875;;;;;;0.0952658504;;0.0952658504;;
;ZA;1954;p99.95p100;;3368739.5;;4584903.0;;;;;;0.0224301796;;0.0224301796;;
;ZA;1953;p0p100;51520.3984375;72815.546875;69272.65625;97905.4140625;;;4.46666244096e+11;6.00572952576e+11;;;;;;
;ZA;1952;p0p100;52136.0234375;73665.671875;68010.0625;96094.921875;;;4.43298906112e+11;5.78271707136e+11;;;;;;
;ZA;1951;p0p100;50945.546875;71964.1015625;68199.3828125;96336.328125;;;4.25039003648e+11;5.68987877376e+11;;;;;;
;ZA;1950;p0p100;53468.0664062;73865.78125;67928.6953125;93843.046875;;;4.38000254976e+11;5.5645896704e+11;;;;;;
;ZA;1949;p0p100;47835.1289062;67297.34375;68049.34375;95735.921875;;;3.86434203648e+11;5.49733892096e+11;;;;;;
;ZA;1949;p99p100;;1193803.25;;1698281.75;;;;;;0.1773921549;;0.1773921549;;
;ZA;1949;p99.9p100;;3768112.5;;5360445.0;;;;;;0.0559912696;;0.0559912696;;
;ZA;1949;p99.99p100;;9929822.0;;14125975.0;;;;;;0.0147575941;;0.0147575941;;
;ZA;1949;p99.5p99.9;;1217884.875;;1732539.75;;;;;;0.0723884255;;0.0723884255;;
;ZA;1949;p99.95p99.99;;3882564.5;;5523262.5;;;;;;0.0230774637;;0.0230774637;;
;ZA;1949;p99.9p99.95;;2443907.0;;3476655.5;;;;;;0.0181562118;;0.0181562118;;
;ZA;1949;p99.9p99.99;;3083342.25;;4386303.5;;;;;;0.0412336774;;0.0412336774;;
;ZA;1949;p99p99.5;;659682.25;;938451.375;;;;;;0.0490124524;;0.0490124524;;
;ZA;1949;p99.5p100;;1727924.25;;2458112.25;;;;;;0.1283797026;;0.1283797026;;
;ZA;1949;p99.95p100;;5092160.0;;7244010.0;;;;;;0.0378350578;;0.0378350578;;
;ZA;1948;p0p100;44754.9921875;62913.0976562;67723.6640625;95200.6796875;;;3.55371646976e+11;5.37751650304e+11;;;;;;
;ZA;1948;p99p100;;1389950.5;;2103286.0;;;;;;0.2209316045;;0.2209316045;;
;ZA;1948;p99.9p100;;4421738.0;;6691015.0;;;;;;0.0702823624;;0.0702823624;;
;ZA;1948;p99.99p100;;11609815.0;;17568080.0;;;;;;0.0184567962;;0.0184567962;;
;ZA;1948;p99.5p99.9;;1424961.875;;2156265.25;;;;;;0.0905989185;;0.0905989185;;
;ZA;1948;p99.95p99.99;;4505444.0;;6817679.5;;;;;;0.0286459923;;0.0286459923;;
;ZA;1948;p99.9p99.95;;2916809.25;;4413742.5;;;;;;0.0231795758;;0.0231795758;;
;ZA;1948;p99.9p99.99;;3622904.25;;5482212.0;;;;;;0.0518255681;;0.0518255681;;
;ZA;1948;p99p99.5;;755591.125;;1143367.5;;;;;;0.0600503273;;0.0600503273;;
;ZA;1948;p99.5p100;;2024309.875;;3063204.5;;;;;;0.1608812809;;0.1608812809;;
;ZA;1948;p99.95p100;;5926487.5;;8968016.0;;;;;;0.0471027866;;0.0471027866;;
;ZA;1947;p0p100;44397.703125;61854.1953125;64612.2539062;90016.796875;;;3.43413915648e+11;4.99772391424e+11;;;;;;
;ZA;1947;p99p100;;1316803.0;;1916351.5;;;;;;0.2128880024;;0.2128880024;;
;ZA;1947;p99.9p100;;4541379.0;;6609097.0;;;;;;0.0734197572;;0.0734197572;;
;ZA;1947;p99.99p100;;12551283.0;;18265960.0;;;;;;0.020295091;;0.020295091;;
;ZA;1947;p99.5p99.9;;1311964.0;;1909309.25;;;;;;0.0848425254;;0.0848425254;;
;ZA;1947;p99.95p99.99;;4726710.0;;6878810.0;;;;;;0.0305673014;;0.0305673014;;
;ZA;1947;p99.9p99.95;;2790738.25;;4061378.5;;;;;;0.0225573685;;0.0225573685;;
;ZA;1947;p99.9p99.99;;3651212.75;;5313632.5;;;;;;0.0531246699;;0.0531246699;;
;ZA;1947;p99p99.5;;675766.6875;;983447.5;;;;;;0.0546257235;;0.0546257235;;
;ZA;1947;p99.5p100;;1957839.25;;2849255.5;;;;;;0.1582622826;;0.1582622826;;
;ZA;1947;p99.95p100;;6291811.0;;9156512.0;;;;;;0.0508623905;;0.0508623905;;
;ZA;1946;p0p100;43405.8203125;60922.3398438;65832.375;92399.1796875;;;3.32729810944e+11;5.04641847296e+11;;;;;;
;ZA;1946;p99p100;;1438586.125;;2181862.75;;;;;;0.2361342013;;0.2361342013;;
;ZA;1946;p99.9p100;;5165944.5;;7835041.5;;;;;;0.0847944766;;0.0847944766;;
;ZA;1946;p99.99p100;;15267132.0;;23155224.0;;;;;;0.0250641461;;0.0250641461;;
;ZA;1946;p99.5p99.9;;1410375.0;;2139075.5;;;;;;0.0926016867;;0.0926016867;;
;ZA;1946;p99.95p99.99;;5301256.0;;8040264.0;;;;;;0.034807235;;0.034807235;;
;ZA;1946;p99.9p99.95;;3036967.0;;4606081.5;;;;;;0.0249230973;;0.0249230973;;
;ZA;1946;p99.9p99.99;;4043367.5;;6132460.5;;;;;;0.0597303323;;0.0597303323;;
;ZA;1946;p99p99.5;;715692.375;;1085470.25;;;;;;0.0587380305;;0.0587380305;;
;ZA;1946;p99.5p100;;2161480.0;;3278255.25;;;;;;0.1773961633;;0.1773961633;;
;ZA;1946;p99.95p100;;7294668.5;;11063616.0;;;;;;0.059871383;;0.059871383;;
;ZA;1945;p0p100;43617.046875;61420.1875;;;;;3.28173715456e+11;;;;;;;
;ZA;1945;p99p100;;1255324.5;;;;;;;;0.2043828368;;0.2043828368;;
;ZA;1945;p99.9p100;;4298306.0;;;;;;;;0.0699810758;;0.0699810758;;
;ZA;1945;p99.99p100;;12543740.0;;;;;;;;0.0204262175;;0.0204262175;;
;ZA;1945;p99.5p99.9;;1256571.75;;;;;;;;0.0818346068;;0.0818346068;;
;ZA;1945;p99.95p99.99;;4407635.5;;;;;;;;0.0287052821;;0.0287052821;;
;ZA;1945;p99.9p99.95;;2561355.25;;;;;;;;0.0208495744;;0.0208495744;;
;ZA;1945;p99.9p99.99;;3381965.0;;;;;;;;0.0495548584;;0.0495548584;;
;ZA;1945;p99p99.5;;645737.5;;;;;;;;0.0525671504;;0.0525671504;;
;ZA;1945;p99.5p100;;1864911.375;;;;;;;;0.1518156826;;0.1518156826;;
;ZA;1945;p99.95p100;;6035050.0;;;;;;;;0.0491315015;;0.0491315015;;
;ZA;1944;p0p100;42129.6132812;59523.71875;;;;;3.11097556992e+11;;;;;;;
;ZA;1944;p99p100;;1085620.0;;;;;;;;0.1823842674;;0.1823842674;;
;ZA;1944;p99.9p100;;3451518.75;;;;;;;;0.057984855;;0.057984855;;
;ZA;1944;p99.99p100;;9954954.0;;;;;;;;0.0167271234;;0.0167271234;;
;ZA;1944;p99.5p99.9;;1091731.25;;;;;;;;0.0733646005;;0.0733646005;;
;ZA;1944;p99.95p99.99;;3502281.75;;;;;;;;0.0235357676;;0.0235357676;;
;ZA;1944;p99.9p99.95;;2109907.5;;;;;;;;0.017721964;;0.017721964;;
;ZA;1944;p99.9p99.99;;2728771.25;;;;;;;;0.0412577316;;0.0412577316;;
;ZA;1944;p99p99.5;;607557.0;;;;;;;;0.0510348156;;0.0510348156;;
;ZA;1944;p99.5p100;;1563683.125;;;;;;;;0.1313494593;;0.1313494593;;
;ZA;1944;p99.95p100;;4792970.0;;;;;;;;0.0402628891;;0.0402628891;;
;ZA;1943;p0p100;41405.7617188;58694.234375;;;;;3.00046876672e+11;;;;;;;
;ZA;1942;p0p100;40582.03125;57718.234375;;;;;2.88481148928e+11;;;;;;;
;ZA;1941;p0p100;40666.6484375;58029.265625;;;;;2.83577745408e+11;;;;;;;
;ZA;1940;p0p100;40148.6679688;57485.1992188;;;;;2.74473271296e+11;;;;;;;
;ZA;1939;p0p100;39031.1523438;56067.25;;;;;2.61515542528e+11;;;;;;;
;ZA;1939;p99p100;;898180.0625;;;;;;;;0.1601967663;;0.1601967663;;
;ZA;1939;p99.9p100;;2771465.5;;;;;;;;0.049430456;;0.049430456;;
;ZA;1939;p99.99p100;;9048768.0;;;;;;;;0.0161418114;;0.0161418114;;
;ZA;1939;p99.95p99.99;;3140103.25;;;;;;;;0.0224027857;;0.0224027857;;
;ZA;1939;p99.5p100;;1286554.125;;;;;;;;0.1147330105;;0.1147330105;;
;ZA;1939;p99.95p100;;4321977.0;;;;;;;;0.038544599;;0.038544599;;
;ZA;1938;p0p100;37619.5546875;54222.3476562;;;;;2.46928130048e+11;;;;;;;
;ZA;1938;p99p100;;926829.1875;;;;;;;;0.1709310561;;0.1709310561;;
;ZA;1938;p99.9p100;;2903418.5;;;;;;;;0.0535458401;;0.0535458401;;
;ZA;1938;p99.99p100;;8778041.0;;;;;;;;0.0161916595;;0.0161916595;;
;ZA;1938;p99.95p99.99;;3284497.25;;;;;;;;0.024230253;;0.024230253;;
;ZA;1938;p99.5p100;;1334496.75;;;;;;;;0.1230577007;;0.1230577007;;
;ZA;1938;p99.95p100;;4383337.0;;;;;;;;0.0404219106;;0.0404219106;;
;ZA;1937;p0p100;36319.4492188;52522.5820312;;;;;2.33462530048e+11;;;;;;;
;ZA;1937;p99p100;;932885.0625;;;;;;;;0.1776158363;;0.1776158363;;
;ZA;1937;p99.9p100;;2954102.0;;;;;;;;0.0562436916;;0.0562436916;;
;ZA;1937;p99.99p100;;9153523.0;;;;;;;;0.017430678;;0.017430678;;
;ZA;1937;p99.95p99.99;;3383441.0;;;;;;;;0.0257679503;;0.0257679503;;
;ZA;1937;p99.5p100;;1352900.5;;;;;;;;0.1287921518;;0.1287921518;;
;ZA;1937;p99.95p100;;4537595.0;;;;;;;;0.0431986302;;0.0431986302;;
;ZA;1936;p0p100;37840.3632812;54906.125;;;;;2.3812161536e+11;;;;;;;
;ZA;1936;p99p100;;1015360.5;;;;;;;;0.1849264801;;0.1849264801;;
;ZA;1936;p99.9p100;;3392071.0;;;;;;;;0.061778672;;0.061778672;;
;ZA;1936;p99.99p100;;10725402.0;;;;;;;;0.0195373148;;0.0195373148;;
;ZA;1936;p99.95p99.99;;3758033.5;;;;;;;;0.0273783468;;0.0273783468;;
;ZA;1936;p99.9p99.95;;1632258.75;;;;;;;;0.0148630096;;0.0148630096;;
;ZA;1936;p99.5p100;;1495062.5;;;;;;;;0.1361470222;;0.1361470222;;
;ZA;1936;p99.95p100;;5151673.5;;;;;;;;0.0469156615;;0.0469156615;;
;ZA;1935;p0p100;35261.2460938;51307.6914062;;;;;2.17255018496e+11;;;;;;;
;ZA;1935;p99p100;;967921.0625;;;;;;;;0.1886501163;;0.1886501163;;
;ZA;1935;p99.9p100;;3218830.5;;;;;;;;0.0627350211;;0.0627350211;;
;ZA;1935;p99.99p100;;10603502.0;;;;;;;;0.020669926;;0.020669926;;
;ZA;1935;p99.95p99.99;;3562266.0;;;;;;;;0.0277722608;;0.0277722608;;
;ZA;1935;p99.5p100;;1420742.375;;;;;;;;0.1384530365;;0.1384530365;;
;ZA;1935;p99.95p100;;4970681.0;;;;;;;;0.0484421849;;0.0484421849;;
;ZA;1934;p0p100;32631.109375;47886.71875;;;;;1.97936070656e+11;;;;;;;
;ZA;1934;p99p100;;887704.9375;;;;;;;;0.1853758544;;0.1853758544;;
;ZA;1934;p99.9p100;;2956713.0;;;;;;;;0.0617431141;;0.0617431141;;
;ZA;1934;p99.99p100;;9539527.0;;;;;;;;0.0199243352;;0.0199243352;;
;ZA;1934;p99.95p99.99;;3269964.5;;;;;;;;0.0273146294;;0.0273146294;;
;ZA;1934;p99.5p100;;1305286.0;;;;;;;;0.1362888068;;0.1362888068;;
;ZA;1934;p99.95p100;;4524026.5;;;;;;;;0.0472389646;;0.0472389646;;
;ZA;1933;p0p100;30686.6328125;45445.2070312;;;;;1.83310204928e+11;;;;;;;
;ZA;1933;p99p100;;884175.75;;;;;;;;0.1945584565;;0.1945584565;;
;ZA;1933;p99.9p100;;3105947.25;;;;;;;;0.068343997;;0.068343997;;
;ZA;1933;p99.99p100;;10974797.0;;;;;;;;0.0241535213;;0.0241535213;;
;ZA;1933;p99.95p99.99;;3101102.5;;;;;;;;0.027295772;;0.027295772;;
;ZA;1933;p99.5p100;;1307502.625;;;;;;;;0.1438547075;;0.1438547075;;
;ZA;1933;p99.95p100;;4676029.0;;;;;;;;0.0514492951;;0.0514492951;;
;ZA;1932;p0p100;26688.8242188;39845.25;;;;;1.56860891136e+11;;;;;;;
;ZA;1932;p99p100;;787790.5625;;;;;;;;0.1977123618;;0.1977123618;;
;ZA;1932;p99.9p100;;2618908.0;;;;;;;;0.0657261387;;0.0657261387;;
;ZA;1932;p99.99p100;;8165287.5;;;;;;;;0.0204959009;;0.0204959009;;
;ZA;1932;p99.5p100;;1137811.375;;;;;;;;0.1427786648;;0.1427786648;;
;ZA;1931;p0p100;24424.0253906;36796.390625;;;;;1.41225066496e+11;;;;;;;
;ZA;1931;p99p100;;748536.25;;;;;;;;0.2034263611;;0.2034263611;;
;ZA;1931;p99.9p100;;2274822.0;;;;;;;;0.0618210882;;0.0618210882;;
;ZA;1931;p99.99p100;;6231927.5;;;;;;;;0.0169390589;;0.0169390589;;
;ZA;1931;p99.5p100;;1058135.375;;;;;;;;0.1437823623;;0.1437823623;;
;ZA;1930;p0p100;25758.6308594;39138.6328125;;;;;1.46462081024e+11;;;;;;;
;ZA;1930;p99p100;;803675.125;;;;;;;;0.2053404152;;0.2053404152;;
;ZA;1930;p99.9p100;;2439267.25;;;;;;;;0.0623229668;;0.0623229668;;
;ZA;1930;p99.99p100;;6941508.5;;;;;;;;0.0177386384;;0.0177386384;;
;ZA;1930;p99.95p99.99;;2696007.75;;;;;;;;0.0275538843;;0.0275538843;;
;ZA;1930;p99.5p100;;1140570.25;;;;;;;;0.145708859;;0.145708859;;
;ZA;1930;p99.95p100;;3545209.25;;;;;;;;0.0452925228;;0.0452925228;;
;ZA;1929;p0p100;27481.5;42123.7773438;;;;;1.53660325888e+11;;;;;;;
;ZA;1929;p99p100;;848684.625;;;;;;;;0.2014738023;;0.2014738023;;
;ZA;1929;p99.9p100;;2606573.0;;;;;;;;0.0618781;;0.0618781;;
;ZA;1929;p99.99p100;;7584009.5;;;;;;;;0.0180070922;;0.0180070922;;
;ZA;1929;p99.95p99.99;;2870331.5;;;;;;;;0.0272566248;;0.0272566248;;
;ZA;1929;p99.5p100;;1214175.0;;;;;;;;0.1441197693;;0.1441197693;;
;ZA;1929;p99.95p100;;3813179.5;;;;;;;;0.0452637188;;0.0452637188;;
;ZA;1928;p0p100;28770.7558594;44499.015625;;;;;1.58178934784e+11;;;;;;;
;ZA;1928;p99p100;;893559.25;;;;;;;;0.2008040845;;0.2008040845;;
;ZA;1928;p99.9p100;;2808539.0;;;;;;;;0.0631138235;;0.0631138235;;
;ZA;1928;p99.99p100;;8474025.0;;;;;;;;0.0190463345;;0.0190463345;;
;ZA;1928;p99.95p99.99;;3030173.0;;;;;;;;0.0272385739;;0.0272385739;;
;ZA;1928;p99.5p100;;1290499.75;;;;;;;;0.1450030357;;0.1450030357;;
;ZA;1928;p99.95p100;;4119073.25;;;;;;;;0.0462849066;;0.0462849066;;
;ZA;1927;p0p100;29149.1347656;45497.3359375;;;;;1.57501915136e+11;;;;;;;
;ZA;1927;p99p100;;909619.1875;;;;;;;;0.1999278069;;0.1999278069;;
;ZA;1927;p99.9p100;;2852327.5;;;;;;;;0.0626913756;;0.0626913756;;
;ZA;1927;p99.99p100;;8215554.0;;;;;;;;0.0180602167;;0.0180602167;;
;ZA;1927;p99.95p99.99;;3024363.25;;;;;;;;0.0265898146;;0.0265898146;;
;ZA;1927;p99.5p100;;1311680.25;;;;;;;;0.1441489756;;0.1441489756;;
;ZA;1927;p99.95p100;;4062725.25;;;;;;;;0.0446500294;;0.0446500294;;
;ZA;1926;p0p100;27394.7851562;43145.9726562;;;;;1.45440178176e+11;;;;;;;
;ZA;1926;p99p100;;871406.125;;;;;;;;0.2019667774;;0.2019667774;;
;ZA;1926;p99.9p100;;2743864.5;;;;;;;;0.0635940954;;0.0635940954;;
;ZA;1926;p99.99p100;;8212949.5;;;;;;;;0.0190384239;;0.0190384239;;
;ZA;1926;p99.95p99.99;;2991609.75;;;;;;;;0.0277352482;;0.0277352482;;
;ZA;1926;p99.5p100;;1254806.625;;;;;;;;0.1454139799;;0.1454139799;;
;ZA;1926;p99.95p100;;4036002.25;;;;;;;;0.0467736721;;0.0467736721;;
;ZA;1925;p0p100;26687.8964844;42371.484375;;;;;1.38936336384e+11;;;;;;;
;ZA;1925;p99p100;;873409.1875;;;;;;;;0.2061311603;;0.2061311603;;
;ZA;1925;p99.9p100;;2722899.75;;;;;;;;0.0642617196;;0.0642617196;;
;ZA;1925;p99.99p100;;8391643.0;;;;;;;;0.019808216;;0.019808216;;
;ZA;1925;p99.95p99.99;;2924622.25;;;;;;;;0.0276098102;;0.0276098102;;
;ZA;1925;p99.5p100;;1252165.625;;;;;;;;0.147760272;;0.147760272;;
;ZA;1925;p99.95p100;;4018156.75;;;;;;;;0.0474180281;;0.0474180281;;
;ZA;1924;p0p100;25999.1210938;41712.6757812;;;;;1.33008285696e+11;;;;;;;
;ZA;1924;p99p100;;832826.0;;;;;;;;0.1996575743;;0.1996575743;;
;ZA;1924;p99.9p100;;2595908.75;;;;;;;;0.0622322895;;0.0622322895;;
;ZA;1924;p99.99p100;;8626471.0;;;;;;;;0.0206841249;;0.0206841249;;
;ZA;1924;p99.95p99.99;;2844456.75;;;;;;;;0.0272771269;;0.0272771269;;
;ZA;1924;p99.5p100;;1190138.25;;;;;;;;0.1426589191;;0.1426589191;;
;ZA;1924;p99.95p100;;4000997.25;;;;;;;;0.0479612537;;0.0479612537;;
;ZA;1923;p0p100;25464.4941406;41292.5429688;;;;;1.27915687936e+11;;;;;;;
;ZA;1923;p99p100;;806328.25;;;;;;;;0.195271939;;0.195271939;;
;ZA;1923;p99.9p100;;2491950.75;;;;;;;;0.060347911;;0.060347911;;
;ZA;1923;p99.99p100;;8069812.5;;;;;;;;0.0195462704;;0.0195462704;;
;ZA;1923;p99.95p99.99;;2716173.0;;;;;;;;0.0263119563;;0.0263119563;;
;ZA;1923;p99.5p100;;1148637.75;;;;;;;;0.1390852481;;0.1390852481;;
;ZA;1923;p99.95p100;;3787028.5;;;;;;;;0.0458582267;;0.0458582267;;
;ZA;1922;p0p100;24609.6367188;40416.3046875;;;;;1.21488621568e+11;;;;;;;
;ZA;1922;p99p100;;776831.25;;;;;;;;0.1922072172;;0.1922072172;;
;ZA;1922;p99.9p100;;2362912.75;;;;;;;;0.0584635921;;0.0584635921;;
;ZA;1922;p99.99p100;;6860541.5;;;;;;;;0.0169775039;;0.0169775039;;
;ZA;1922;p99.95p99.99;;2524530.75;;;;;;;;0.0249856934;;0.0249856934;;
;ZA;1922;p99.5p100;;1099225.375;;;;;;;;0.1359877437;;0.1359877437;;
;ZA;1922;p99.95p100;;3391836.25;;;;;;;;0.0419631973;;0.0419631973;;
;ZA;1921;p0p100;20629.1132812;34218.8242188;;;;;99912744960.0;;;;;;;
;ZA;1921;p99p100;;746581.6875;;;;;;;;0.2181784362;;0.2181784362;;
;ZA;1921;p99.9p100;;2262129.0;;;;;;;;0.0661068857;;0.0661068857;;
;ZA;1921;p99.99p100;;7071706.0;;;;;;;;0.0206695572;;0.0206695572;;
;ZA;1921;p99.95p99.99;;2381970.75;;;;;;;;0.0278444532;;0.0278444532;;
;ZA;1921;p99.5p100;;1050716.75;;;;;;;;0.1535289139;;0.1535289139;;
;ZA;1921;p99.95p100;;3320029.75;;;;;;;;0.0485140122;;0.0485140122;;
;ZA;1920;p0p100;20425.0546875;33916.6523438;;;;;97540317184.0;;;;;;;
;ZA;1920;p99p100;;688842.6875;;;;;;;;0.2030984759;;0.2030984759;;
;ZA;1920;p99.9p100;;2150991.5;;;;;;;;0.0634191036;;0.0634191036;;
;ZA;1920;p99.99p100;;6913640.0;;;;;;;;0.0203875862;;0.0203875862;;
;ZA;1920;p99.95p99.99;;2289764.25;;;;;;;;0.0270050596;;0.0270050596;;
;ZA;1920;p99.5p100;;973244.25;;;;;;;;0.1434757262;;0.1434757262;;
;ZA;1920;p99.95p100;;3214649.75;;;;;;;;0.0473926477;;0.0473926477;;
;ZA;1919;p0p100;22537.7988281;37416.7773438;;;;;1.06080804864e+11;;;;;;;
;ZA;1919;p99p100;;714491.75;;;;;;;;0.190954715;;0.190954715;;
;ZA;1919;p99.9p100;;2430141.75;;;;;;;;0.0649470761;;0.0649470761;;
;ZA;1919;p99.99p100;;8484653.0;;;;;;;;0.0226798262;;0.0226798262;;
;ZA;1919;p99.95p99.99;;2378277.5;;;;;;;;0.0254251454;;0.0254251454;;
;ZA;1919;p99.5p100;;1041445.1875;;;;;;;;0.1391680688;;0.1391680688;;
;ZA;1919;p99.95p100;;3599698.0;;;;;;;;0.0481049716;;0.0481049716;;
;ZA;1918;p0p100;21573.5605469;35802.9140625;;;;;1.02352273408e+11;;;;;;;
;ZA;1918;p99p100;;755356.25;;;;;;;;0.2109759897;;0.2109759897;;
;ZA;1918;p99.9p100;;2566354.25;;;;;;;;0.0716791078;;0.0716791078;;
;ZA;1918;p99.99p100;;9086664.0;;;;;;;;0.0253838878;;0.0253838878;;
;ZA;1918;p99.95p99.99;;2575098.5;;;;;;;;0.0287701953;;0.0287701953;;
;ZA;1918;p99.5p100;;1090692.25;;;;;;;;0.1523187757;;0.1523187757;;
;ZA;1918;p99.95p100;;3877566.75;;;;;;;;0.0541540831;;0.0541540831;;
;ZA;1917;p0p100;21403.1191406;35507.1132812;;;;;1.00050198528e+11;;;;;;;
;ZA;1917;p99p100;;812919.0;;;;;;;;0.2289451659;;0.2289451659;;
;ZA;1917;p99.9p100;;3142993.5;;;;;;;;0.0885161534;;0.0885161534;;
;ZA;1917;p99.99p100;;11871479.0;;;;;;;;0.0334396362;;0.0334396362;;
;ZA;1917;p99.95p99.99;;3010968.0;;;;;;;;0.0339201763;;0.0339201763;;
;ZA;1917;p99.5p100;;1220344.875;;;;;;;;0.1718449593;;0.1718449593;;
;ZA;1917;p99.95p100;;4783281.5;;;;;;;;0.0673598126;;0.0673598126;;
;ZA;1916;p0p100;20763.8710938;34434.0742188;;;;;95607619584.0;;;;;;;
;ZA;1916;p99p100;;759678.25;;;;;;;;0.2206179649;;0.2206179649;;
;ZA;1916;p99.9p100;;2762488.5;;;;;;;;0.0802243948;;0.0802243948;;
;ZA;1916;p99.99p100;;9791386.0;;;;;;;;0.028439885;;0.028439885;;
;ZA;1916;p99.95p99.99;;2681052.25;;;;;;;;0.0311447028;;0.0311447028;;
;ZA;1916;p99.5p100;;1122575.75;;;;;;;;0.1630034596;;0.1630034596;;
;ZA;1916;p99.95p100;;4103288.5;;;;;;;;0.0595845878;;0.0595845878;;
;ZA;1915;p0p100;20350.234375;33735.8242188;;;;;92272148480.0;;;;;;;
;ZA;1915;p99p100;;740539.5;;;;;;;;0.2195110917;;0.2195110917;;
;ZA;1915;p99.9p100;;2761098.0;;;;;;;;0.0818436369;;0.0818436369;;
